metric,variant,game_length,seeds,decision_maker,style,focus,strategy,n,mean,sd,se,cv,sd_ucl,n_pairs,rho,mean_diff,p_holm,delta,n_unpaired,n_paired,n_paired_ucl
Win Rate,Japanese Riichi,East only,501200..502399,Simple Bot (control),,,,1200,0.2175854538979531,0.17531814011970562,0.005060998769596828,0.8057438444480267,0.17842519249548622,,,,,,,,
Deal-in Rate,Japanese Riichi,East only,501200..502399,Simple Bot (control),,,,1200,0.1583420375920375,0.16546223809443894,0.004776483385227113,1.0449672153439529,0.1683946205599515,,,,,,,,
Ending Points (% vs start),Japanese Riichi,East only,501200..502399,Simple Bot (control),,,,1200,0.508333333333333,44.29488414241403,1.278683164167301,87.13747700147027,45.079894323993884,,,,,,,,
Ending Placement,Japanese Riichi,East only,501200..502399,Simple Bot (control),,,,1200,2.4870833333333335,1.1166529995138705,0.03223499549303681,0.44898093463449307,1.1364427334951526,,,,,,,,
Win Rate,Japanese Riichi,East only,501200..502399,TileSense Guide,Defensive,Speed,Points,1200,0.23286952861952798,0.18982990635706806,0.005479917376774735,0.81517709715993,0.1931941415761858,1200,0.2632253623353154,0.01528407472157471,0.10227167395963614,0.02175854538979532,1107,817,846
Deal-in Rate,Japanese Riichi,East only,501200..502399,TileSense Guide,Defensive,Speed,Points,1200,0.06569618807118822,0.11071441584577218,0.0031960498895864365,1.6852487046250282,0.11267653732705124,1200,0.23105183078647512,-0.09264584952084978,7.702557228608684e-73,0.03166840751840746,311,244,253
Ending Points (% vs start),Japanese Riichi,East only,501200..502399,TileSense Guide,Defensive,Speed,Points,1200,11.160000000000009,39.556294699773275,1.1418918696529132,3.5444708512341614,40.257325861409434,1200,0.2872020428411017,10.651666666666646,1.3883735388723141e-12,8.858976828482804,353,253,262
Ending Placement,Japanese Riichi,East only,501200..502399,TileSense Guide,Defensive,Speed,Points,1200,2.203333333333333,1.0250761954903764,0.029591400870312312,0.4652388179230151,1.0432429717656657,1200,0.25695221891074377,-0.28375,5.008696793626649e-13,0.24870833333333336,292,217,225
Win Rate,Japanese Riichi,East only,501200..502399,TileSense Guide,Defensive,Speed,Placement,1200,0.22718771043770972,0.18192341528942796,0.005251676639462365,0.8007625717910815,0.1851475287742002,1200,0.272767926270875,0.00960225653975654,0.6133583191201627,0.02175854538979532,1059,770,798
Deal-in Rate,Japanese Riichi,East only,501200..502399,TileSense Guide,Defensive,Speed,Placement,1200,0.063762445887446,0.11094833012273388,0.0032028024131249932,1.7400262580670256,0.11291459711861551,1200,0.22727023648734945,-0.09457959170459196,2.0228681636978427e-75,0.03166840751840746,311,246,255
Ending Points (% vs start),Japanese Riichi,East only,501200..502399,TileSense Guide,Defensive,Speed,Placement,1200,9.597666666666674,37.3050038732591,1.0769027014173087,3.8868826318819583,37.96613683322418,1200,0.2980297982697268,9.089333333333329,2.952299520469985e-10,8.858976828482804,336,237,246
Ending Placement,Japanese Riichi,East only,501200..502399,TileSense Guide,Defensive,Speed,Placement,1200,2.2304166666666667,1.0289957174567548,0.02970454772343147,0.4613468563228491,1.0472319569377866,1200,0.24992695721548772,-0.25666666666666665,9.853357377167961e-11,0.24870833333333336,293,220,228
Win Rate,Japanese Riichi,East only,501200..502399,TileSense Guide,Defensive,Balanced,Points,1200,0.19246623977873942,0.18081236409461013,0.0052196033541417886,0.9394497668914472,0.18401678712263836,1200,0.2762116307489416,-0.0251192141192141,0.00039133311357863646,0.02175854538979532,1052,762,789
Deal-in Rate,Japanese Riichi,East only,501200..502399,TileSense Guide,Defensive,Balanced,Points,1200,0.06389225589225607,0.11281777646552339,0.0032567686805872477,1.7657504010466039,0.11481717447509701,1200,0.19492893661759939,-0.09444978169978197,6.146759708711069e-72,0.03166840751840746,314,257,267
Ending Points (% vs start),Japanese Riichi,East only,501200..502399,TileSense Guide,Defensive,Balanced,Points,1200,8.989666666666672,38.97012683509651,1.1249706609298413,4.3349913050276045,39.660769714862305,1200,0.2750780159352044,8.48133333333332,5.223309749485393e-09,8.858976828482804,349,254,263
Ending Placement,Japanese Riichi,East only,501200..502399,TileSense Guide,Defensive,Balanced,Points,1200,2.2979166666666666,1.0229822759965381,0.029530954621140863,0.4451781436793638,1.0411119430626288,1200,0.24339855767495416,-0.18916666666666668,6.641105595025446e-07,0.24870833333333336,292,221,229
Win Rate,Japanese Riichi,East only,501200..502399,TileSense Guide,Defensive,Balanced,Placement,1200,0.19296040764790734,0.1810117820310034,0.0052253600541046835,0.9380773197851735,0.18421973921683538,1200,0.29511567435069697,-0.02462504625004624,0.00039133311357863646,0.02175854538979532,1053,743,769
Deal-in Rate,Japanese Riichi,East only,501200..502399,TileSense Guide,Defensive,Balanced,Placement,1200,0.06110094997595014,0.1111757049687318,0.0032093661595521857,1.8195413493978656,0.1131460015850222,1200,0.20150081414680032,-0.09724108761608792,3.026852738731829e-77,0.03166840751840746,311,253,263
Ending Points (% vs start),Japanese Riichi,East only,501200..502399,TileSense Guide,Defensive,Balanced,Placement,1200,9.466333333333337,38.4850340794397,1.1109672392768215,4.0654636514778355,39.16707996748571,1200,0.3027213633658324,8.957999999999997,5.240050990210947e-10,8.858976828482804,345,242,250
Ending Placement,Japanese Riichi,East only,501200..502399,TileSense Guide,Defensive,Balanced,Placement,1200,2.276666666666667,1.0280254142931398,0.029676537483796037,0.4515484982253908,1.0462444577056549,1200,0.24614282188294662,-0.21041666666666667,6.478563443182048e-08,0.24870833333333336,293,221,229
Win Rate,Japanese Riichi,East only,501200..502399,TileSense Guide,Balanced,Speed,Points,1200,0.2506941322566314,0.19150086626913154,0.00552815383452648,0.7638825230783436,0.19489471485262258,1200,0.28453020277707497,0.0331086783586784,1.8041480092207624e-06,0.02175854538979532,1118,801,830
Deal-in Rate,Japanese Riichi,East only,501200..502399,TileSense Guide,Balanced,Speed,Points,1200,0.07875789488289515,0.1177514008966717,0.003399190150257447,1.4951059963163802,0.11983823440778293,1200,0.22076731859344098,-0.0795841427091429,8.548520606782814e-52,0.03166840751840746,323,256,265
Ending Points (% vs start),Japanese Riichi,East only,501200..502399,TileSense Guide,Balanced,Speed,Points,1200,14.258999999999997,42.1809500381602,1.2176591429602972,2.958198333554962,42.9284963042754,1200,0.3067711556842348,13.750666666666648,1.0431961013616234e-19,8.858976828482804,375,260,269
Ending Placement,Japanese Riichi,East only,501200..502399,TileSense Guide,Balanced,Speed,Points,1200,2.1525,1.0552274656064176,0.030461793066207585,0.49023343349891646,1.0739285937484495,1200,0.25241466179454325,-0.33458333333333334,3.258648535985675e-17,0.24870833333333336,300,225,233
Win Rate,Japanese Riichi,East only,501200..502399,TileSense Guide,Balanced,Speed,Placement,1200,0.24595940402190336,0.1867842978242185,0.0053919982314603885,0.7594110847966798,0.1900945576519636,1200,0.29252785194651093,0.02837395012395012,4.609116815814423e-05,0.02175854538979532,1088,771,798
Deal-in Rate,Japanese Riichi,East only,501200..502399,TileSense Guide,Balanced,Speed,Placement,1200,0.07593096486846511,0.11852702205525968,0.003421580404492444,1.5609840104176675,0.1206276014089965,1200,0.23358881064571888,-0.08241107272357295,5.636630618880451e-56,0.03166840751840746,325,253,262
Ending Points (% vs start),Japanese Riichi,East only,501200..502399,TileSense Guide,Balanced,Speed,Placement,1200,11.037666666666675,38.56575180432006,1.1132973592862239,3.4940130889064744,39.249228201489004,1200,0.31657294632332605,10.529333333333325,5.927833856815808e-13,8.858976828482804,345,237,246
Ending Placement,Japanese Riichi,East only,501200..502399,TileSense Guide,Balanced,Speed,Placement,1200,2.191666666666667,1.0384262916507598,0.02997678495090755,0.4738066729965444,1.0568296632262484,1200,0.2659260164424809,-0.29541666666666666,5.4029867041894374e-14,0.24870833333333336,296,217,225
Win Rate,Japanese Riichi,East only,501200..502399,TileSense Guide,Balanced,Balanced,Points,1200,0.2088227212602207,0.18993124698215896,0.0054828428286335384,0.9095334350397606,0.19329727819700046,1200,0.28452531324570973,-0.008762732637732631,0.6213651967352246,0.02175854538979532,1108,794,822
Deal-in Rate,Japanese Riichi,East only,501200..502399,TileSense Guide,Balanced,Balanced,Points,1200,0.0774164261664264,0.11865760326458259,0.0034253499593101286,1.5327186895646376,0.12076049682640069,1200,0.18971049434972123,-0.08092561142561165,1.728856596044537e-51,0.03166840751840746,325,267,276
Ending Points (% vs start),Japanese Riichi,East only,501200..502399,TileSense Guide,Balanced,Balanced,Points,1200,11.738333333333339,42.87042833053172,1.2375626668453523,3.6521733633847826,43.6301937838052,1200,0.2857010758364415,11.229999999999983,6.605482093052369e-13,8.858976828482804,381,272,282
Ending Placement,Japanese Riichi,East only,501200..502399,TileSense Guide,Balanced,Balanced,Points,1200,2.2591666666666668,1.0643981515750829,0.030726527966840708,0.47114635997421594,1.0832618059771302,1200,0.23719040594247964,-0.22791666666666666,1.6167658864784686e-08,0.24870833333333336,302,231,239
Win Rate,Japanese Riichi,East only,501200..502399,TileSense Guide,Balanced,Balanced,Placement,1200,0.20873626142376092,0.1873610714916883,0.0054086482530691475,0.897597141070385,0.1906815531138956,1200,0.29374695227363345,-0.008849192474192457,0.6213651967352246,0.02175854538979532,1092,772,800
Deal-in Rate,Japanese Riichi,East only,501200..502399,TileSense Guide,Balanced,Balanced,Placement,1200,0.07418993506493528,0.11812962371093304,0.003410108502438819,1.5922594299016333,0.12022316022546892,1200,0.19605269602115824,-0.08415210252710278,5.636630618880451e-56,0.03166840751840746,324,264,273
Ending Points (% vs start),Japanese Riichi,East only,501200..502399,TileSense Guide,Balanced,Balanced,Placement,1200,10.98766666666668,40.189806315349124,1.1601797747422868,3.6577198357566734,40.90206480217203,1200,0.2969286567692539,10.479333333333324,2.8698167175165185e-12,8.858976828482804,358,253,262
Ending Placement,Japanese Riichi,East only,501200..502399,TileSense Guide,Balanced,Balanced,Placement,1200,2.24625,1.0510263957534443,0.030340518625682655,0.4679026803576825,1.069653070994832,1200,0.25232432188239773,-0.24083333333333334,1.5892887086361035e-09,0.24870833333333336,299,224,232
Win Rate,Japanese Riichi,East only,501200..502399,TileSense Guide,Aggressive,Speed,Points,1200,0.2578301767676761,0.19318453969083016,0.005576757299688736,0.7492704776171472,0.1966082269521748,1200,0.2781414458023036,0.040244722869722874,3.9560533536388085e-09,0.02175854538979532,1129,816,846
Deal-in Rate,Japanese Riichi,East only,501200..502399,TileSense Guide,Aggressive,Speed,Points,1200,0.09810131072631104,0.13064401605459536,0.0037713678918567207,1.3317254895714281,0.13295933721980274,1200,0.2250805620564745,-0.06024072686572694,1.2208876646187596e-28,0.03166840751840746,348,272,282
Ending Points (% vs start),Japanese Riichi,East only,501200..502399,TileSense Guide,Aggressive,Speed,Points,1200,13.900333333333338,44.80871251389829,1.2935161115969864,3.223571078432048,45.6028289503202,1200,0.31358616830227753,13.391999999999992,6.913778853529067e-18,8.858976828482804,398,273,283
Ending Placement,Japanese Riichi,East only,501200..502399,TileSense Guide,Aggressive,Speed,Points,1200,2.1933333333333334,1.0794720648714915,0.031161674361811838,0.4921605158988563,1.0986028646932195,1200,0.2755518439256807,-0.29375,1.3945784261268564e-13,0.24870833333333336,307,222,230
Win Rate,Japanese Riichi,East only,501200..502399,TileSense Guide,Aggressive,Speed,Placement,1200,0.2546827501202496,0.18949470641802665,0.005470240988022839,0.7440421714016983,0.1928530011008927,1200,0.29408794402221555,0.037097296222296225,3.517818697099491e-08,0.02175854538979532,1105,781,809
Deal-in Rate,Japanese Riichi,East only,501200..502399,TileSense Guide,Aggressive,Speed,Placement,1200,0.09596248196248226,0.13025613887585627,0.003760170842178844,1.3573652557963387,0.13256458593945106,1200,0.23570772221873454,-0.062379555629555765,5.910011803013297e-31,0.03166840751840746,348,268,278
Ending Points (% vs start),Japanese Riichi,East only,501200..502399,TileSense Guide,Aggressive,Speed,Placement,1200,10.183333333333344,39.628041927125786,1.1439630337041924,3.891460745707929,40.330344619437824,1200,0.33126552041105806,9.675000000000002,2.8853502450823306e-11,8.858976828482804,354,237,246
Ending Placement,Japanese Riichi,East only,501200..502399,TileSense Guide,Aggressive,Speed,Placement,1200,2.22375,1.0672441672803032,0.030808685363517052,0.479929923453762,1.0861582598164328,1200,0.2935605920162854,-0.2633333333333333,1.7141062683575907e-11,0.24870833333333336,303,214,222
Win Rate,Japanese Riichi,East only,501200..502399,TileSense Guide,Aggressive,Balanced,Points,1200,0.22183546777296725,0.18926928225041836,0.005463733552830315,0.8531966693627276,0.1926235818835135,1200,0.2533137047647885,0.004250013875013885,0.7388603973164172,0.02175854538979532,1104,825,855
Deal-in Rate,Japanese Riichi,East only,501200..502399,TileSense Guide,Aggressive,Balanced,Points,1200,0.09969459475709501,0.13381235152617338,0.0038628298587266513,1.3422227338624122,0.13618382309457072,1200,0.20692238201372964,-0.05864744283494287,1.1383871585040306e-26,0.03166840751840746,355,283,293
Ending Points (% vs start),Japanese Riichi,East only,501200..502399,TileSense Guide,Aggressive,Balanced,Points,1200,12.428333333333338,45.807800930379585,1.322357309906972,3.685755740676913,46.619623578126365,1200,0.26371519408571115,11.919999999999982,4.3125456849483686e-13,8.858976828482804,407,300,310
Ending Placement,Japanese Riichi,East only,501200..502399,TileSense Guide,Aggressive,Balanced,Points,1200,2.2379166666666666,1.0694502152311436,0.030872368482430194,0.47787758640006417,1.088403404158109,1200,0.23968106873133924,-0.24916666666666668,9.249095843242894e-10,0.24870833333333336,304,231,239
Win Rate,Japanese Riichi,East only,501200..502399,TileSense Guide,Aggressive,Balanced,Placement,1200,0.22318350168350107,0.189198493588275,0.005461690060173112,0.8477261632742882,0.19255153867873842,1200,0.299230795764924,0.00559804778554779,0.7388603973164172,0.02175854538979532,1104,774,802
Deal-in Rate,Japanese Riichi,East only,501200..502399,TileSense Guide,Aggressive,Balanced,Placement,1200,0.09818010461760485,0.13676447165333347,0.003948050226231451,1.392995782455196,0.13918826177729168,1200,0.20075305738730184,-0.06016193297443311,4.694862675952986e-27,0.03166840751840746,361,290,300
Ending Points (% vs start),Japanese Riichi,East only,501200..502399,TileSense Guide,Aggressive,Balanced,Placement,1200,10.365666666666677,42.139492980014985,1.2164623807762998,4.065295010452611,42.88630452894168,1200,0.32138126422295993,9.857333333333308,4.873349085766258e-11,8.858976828482804,374,254,263
Ending Placement,Japanese Riichi,East only,501200..502399,TileSense Guide,Aggressive,Balanced,Placement,1200,2.2616666666666667,1.0635897900930678,0.03070319258087851,0.4702681459512459,1.0824391184164703,1200,0.25934303440201817,-0.22541666666666665,1.6167658864784686e-08,0.24870833333333336,302,224,232
Win Rate,Japanese Riichi,East only,501200..502399,TileSense Auto (goal),,,Goal: Win Rate,1200,0.2578301767676761,0.19318453969083016,0.005576757299688736,0.7492704776171472,0.1966082269521748,1200,0.2781414458023036,0.040244722869722874,9.890133384097021e-10,0.02175854538979532,1129,816,846
Deal-in Rate,Japanese Riichi,East only,501200..502399,TileSense Auto (goal),,,Goal: Win Rate,1200,0.09810131072631104,0.13064401605459536,0.0037713678918567207,1.3317254895714281,0.13295933721980274,1200,0.2250805620564745,-0.06024072686572694,1.2208876646187596e-28,0.03166840751840746,348,272,282
Ending Points (% vs start),Japanese Riichi,East only,501200..502399,TileSense Auto (goal),,,Goal: Win Rate,1200,13.900333333333338,44.80871251389829,1.2935161115969864,3.223571078432048,45.6028289503202,1200,0.31358616830227753,13.391999999999992,1.885576050962473e-18,8.858976828482804,398,273,283
Ending Placement,Japanese Riichi,East only,501200..502399,TileSense Auto (goal),,,Goal: Win Rate,1200,2.1933333333333334,1.0794720648714915,0.031161674361811838,0.4921605158988563,1.0986028646932195,1200,0.2755518439256807,-0.29375,4.1837352783805694e-14,0.24870833333333336,307,222,230
Win Rate,Japanese Riichi,East only,501200..502399,TileSense Auto (goal),,,Goal: Points,1200,0.2578301767676761,0.19318453969083016,0.005576757299688736,0.7492704776171472,0.1966082269521748,1200,0.2781414458023036,0.040244722869722874,9.890133384097021e-10,0.02175854538979532,1129,816,846
Deal-in Rate,Japanese Riichi,East only,501200..502399,TileSense Auto (goal),,,Goal: Points,1200,0.09810131072631104,0.13064401605459536,0.0037713678918567207,1.3317254895714281,0.13295933721980274,1200,0.2250805620564745,-0.06024072686572694,1.2208876646187596e-28,0.03166840751840746,348,272,282
Ending Points (% vs start),Japanese Riichi,East only,501200..502399,TileSense Auto (goal),,,Goal: Points,1200,13.900333333333338,44.80871251389829,1.2935161115969864,3.223571078432048,45.6028289503202,1200,0.31358616830227753,13.391999999999992,1.885576050962473e-18,8.858976828482804,398,273,283
Ending Placement,Japanese Riichi,East only,501200..502399,TileSense Auto (goal),,,Goal: Points,1200,2.1933333333333334,1.0794720648714915,0.031161674361811838,0.4921605158988563,1.0986028646932195,1200,0.2755518439256807,-0.29375,4.1837352783805694e-14,0.24870833333333336,307,222,230
Win Rate,Japanese Riichi,East only,501200..502399,TileSense Auto (goal),,,Goal: Placement,1200,0.2578301767676761,0.19318453969083016,0.005576757299688736,0.7492704776171472,0.1966082269521748,1200,0.2781414458023036,0.040244722869722874,9.890133384097021e-10,0.02175854538979532,1129,816,846
Deal-in Rate,Japanese Riichi,East only,501200..502399,TileSense Auto (goal),,,Goal: Placement,1200,0.09810131072631104,0.13064401605459536,0.0037713678918567207,1.3317254895714281,0.13295933721980274,1200,0.2250805620564745,-0.06024072686572694,1.2208876646187596e-28,0.03166840751840746,348,272,282
Ending Points (% vs start),Japanese Riichi,East only,501200..502399,TileSense Auto (goal),,,Goal: Placement,1200,13.900333333333338,44.80871251389829,1.2935161115969864,3.223571078432048,45.6028289503202,1200,0.31358616830227753,13.391999999999992,1.885576050962473e-18,8.858976828482804,398,273,283
Ending Placement,Japanese Riichi,East only,501200..502399,TileSense Auto (goal),,,Goal: Placement,1200,2.1933333333333334,1.0794720648714915,0.031161674361811838,0.4921605158988563,1.0986028646932195,1200,0.2755518439256807,-0.29375,4.1837352783805694e-14,0.24870833333333336,307,222,230
Win Rate,Japanese Riichi,Hanchan,501200..502399,Simple Bot (control),,,,1200,0.21605888413057636,0.13582678493858236,0.003920981542372596,0.6286563289686098,0.13823395703469238,,,,,,,,
Deal-in Rate,Japanese Riichi,Hanchan,501200..502399,Simple Bot (control),,,,1200,0.15820730501796726,0.1307545909384958,0.0037745599138059977,0.8264763180413591,0.13307187175234816,,,,,,,,
Ending Points (% vs start),Japanese Riichi,Hanchan,501200..502399,Simple Bot (control),,,,1200,0.8019999999999995,62.71238925288076,1.810350740833765,78.19499906842992,63.823801214506624,,,,,,,,
Ending Placement,Japanese Riichi,Hanchan,501200..502399,Simple Bot (control),,,,1200,2.4783333333333335,1.1132444999427422,0.032136600585790626,0.4491907867959955,1.1329738272445837,,,,,,,,
Win Rate,Japanese Riichi,Hanchan,501200..502399,TileSense Guide,Defensive,Speed,Points,1200,0.23169110443936322,0.1455737227432521,0.004202351400637626,0.6283095032737899,0.1481536336457509,1200,0.22397545351820153,0.015632220308787647,0.010369860112332,0.02160588841305763,667,518,537
Deal-in Rate,Japanese Riichi,Hanchan,501200..502399,TileSense Guide,Defensive,Speed,Points,1200,0.06457117490853975,0.0776092940552037,0.0022403873407194335,1.2019185676136677,0.07898471442706156,1200,0.1252959183217072,-0.09363613010942744,2.9584605817392977e-112,0.03164146100359345,182,162,168
Ending Points (% vs start),Japanese Riichi,Hanchan,501200..502399,TileSense Guide,Defensive,Speed,Points,1200,20.355333333333324,53.18464167389434,1.5353083593588341,2.612811139122967,54.12719939869728,1200,0.23313179786457927,19.553333333333338,1.8444820550885364e-20,12.542477850576159,338,260,270
Ending Placement,Japanese Riichi,Hanchan,501200..502399,TileSense Guide,Defensive,Speed,Points,1200,2.1354166666666665,0.992147985135901,0.02864084531470786,0.464615641819739,1.0097311955911203,1200,0.15840136053106854,-0.34291666666666665,1.6104661010404643e-17,0.24783333333333335,285,240,249
Win Rate,Japanese Riichi,Hanchan,501200..502399,TileSense Guide,Defensive,Speed,Placement,1200,0.23152064317118534,0.14017050308514378,0.004046373884432651,0.6054341468872921,0.14265465614727238,1200,0.23311132988291175,0.015461759040609663,0.010369860112332,0.02160588841305763,641,492,509
Deal-in Rate,Japanese Riichi,Hanchan,501200..502399,TileSense Guide,Defensive,Speed,Placement,1200,0.06346197358426492,0.07822048855583348,0.002258031006192725,1.232556823212757,0.07960674074078239,1200,0.1384534623168494,-0.09474533143370234,6.66003424062609e-116,0.03164146100359345,182,160,166
Ending Points (% vs start),Japanese Riichi,Hanchan,501200..502399,TileSense Guide,Defensive,Speed,Placement,1200,18.908999999999992,51.897117562951244,1.4981407397567776,2.744572296945966,52.81685731327049,1200,0.22957449153674284,18.107000000000003,4.0489225091386076e-18,12.542477850576159,331,257,266
Ending Placement,Japanese Riichi,Hanchan,501200..502399,TileSense Guide,Defensive,Speed,Placement,1200,2.1566666666666667,0.993954480923219,0.02869299435616276,0.46087533891339366,1.0115697067592997,1200,0.1327141863998354,-0.32166666666666666,2.2311981564464116e-15,0.24783333333333335,285,248,256
Win Rate,Japanese Riichi,Hanchan,501200..502399,TileSense Guide,Defensive,Balanced,Points,1200,0.1976338787094406,0.13665609513943203,0.003944921665757709,0.6914608772129726,0.13907796457506463,1200,0.2580056534351721,-0.018425005421135465,0.0009618468209491035,0.02160588841305763,625,464,480
Deal-in Rate,Japanese Riichi,Hanchan,501200..502399,TileSense Guide,Defensive,Balanced,Points,1200,0.06311560207293594,0.07834303146770362,0.0022615685153505,1.241262522968108,0.07973145540307836,1200,0.11366242855294545,-0.09509170294503132,6.845257797063146e-114,0.03164146100359345,183,164,170
Ending Points (% vs start),Japanese Riichi,Hanchan,501200..502399,TileSense Guide,Defensive,Balanced,Points,1200,17.944999999999986,52.54315458977701,1.5167902223239937,2.928010843676626,53.474343645214766,1200,0.2677980186878455,17.14300000000001,2.7019060132928837e-17,12.542477850576159,334,246,255
Ending Placement,Japanese Riichi,Hanchan,501200..502399,TileSense Guide,Defensive,Balanced,Points,1200,2.192083333333333,0.9729343044057314,0.02808619412762351,0.44384001721607214,0.9901770029645811,1200,0.19346514340800158,-0.28625,8.651652290046295e-14,0.24783333333333335,280,226,234
Win Rate,Japanese Riichi,Hanchan,501200..502399,TileSense Guide,Defensive,Balanced,Placement,1200,0.2030122861815982,0.14043278177901167,0.0040539452181580175,0.691745235819826,0.14292158304034167,1200,0.27873492055844495,-0.01304659794897799,0.025835846591827888,0.02160588841305763,642,463,480
Deal-in Rate,Japanese Riichi,Hanchan,501200..502399,TileSense Guide,Defensive,Balanced,Placement,1200,0.06051272809506196,0.07794019304134785,0.002249939571655679,1.2879966825972273,0.07932147772639282,1200,0.11026816854720058,-0.09769457692290524,5.648722678413093e-120,0.03164146100359345,182,165,170
Ending Points (% vs start),Japanese Riichi,Hanchan,501200..502399,TileSense Guide,Defensive,Balanced,Placement,1200,20.291000000000007,52.16915822487056,1.5059938772262595,2.5710491461668,53.093719179569156,1200,0.2600797645461691,19.489000000000036,3.418425765086593e-21,12.542477850576159,333,248,256
Ending Placement,Japanese Riichi,Hanchan,501200..502399,TileSense Guide,Defensive,Balanced,Placement,1200,2.1508333333333334,0.9807144366365835,0.02831078719951418,0.45596951722739254,0.998095017552132,1200,0.1710581647746168,-0.3275,1.4347971581980722e-16,0.24783333333333335,282,234,242
Win Rate,Japanese Riichi,Hanchan,501200..502399,TileSense Guide,Balanced,Speed,Points,1200,0.25069793707109916,0.15122485781095446,0.004365485618265871,0.6032154056699173,0.15390492020163343,1200,0.23808539211597976,0.034639052940523544,1.4100600143279077e-10,0.02160588841305763,695,531,550
Deal-in Rate,Japanese Riichi,Hanchan,501200..502399,TileSense Guide,Balanced,Speed,Points,1200,0.0770884702851617,0.08633205719058917,0.002492191822934041,1.1199088121898653,0.08786206556973862,1200,0.1269780107242929,-0.08111883473280536,1.7429337661150777e-80,0.03164146100359345,193,170,177
Ending Points (% vs start),Japanese Riichi,Hanchan,501200..502399,TileSense Guide,Balanced,Speed,Points,1200,25.040666666666645,57.52343117229489,1.660558423601768,2.2972004674647217,58.542882515806156,1200,0.24871940259617567,24.238666666666667,6.02369751395755e-29,12.542477850576159,362,272,282
Ending Placement,Japanese Riichi,Hanchan,501200..502399,TileSense Guide,Balanced,Speed,Points,1200,2.0816666666666666,1.0238998313357592,0.029557442162245647,0.4918654113702607,1.0420457596540778,1200,0.1848443790450565,-0.39666666666666667,9.285113682932896e-23,0.24783333333333335,293,239,248
Win Rate,Japanese Riichi,Hanchan,501200..502399,TileSense Guide,Balanced,Speed,Placement,1200,0.24873388200565108,0.14330048873202328,0.004136728787221928,0.5761196969891202,0.14584011254768403,1200,0.24204442752833355,0.032674997875075266,4.1417331971879104e-10,0.02160588841305763,656,498,515
Deal-in Rate,Japanese Riichi,Hanchan,501200..502399,TileSense Guide,Balanced,Speed,Placement,1200,0.07566381242668035,0.08231689794017215,0.0023762841592306666,1.0879295570777479,0.08377574819455694,1200,0.1607073447637376,-0.08254349259128682,2.9589185031217117e-88,0.03164146100359345,188,161,166
Ending Points (% vs start),Japanese Riichi,Hanchan,501200..502399,TileSense Guide,Balanced,Speed,Placement,1200,20.81833333333333,52.922460760370875,1.5277398483088764,2.542108434570693,53.860372018871516,1200,0.24229214856555267,20.01633333333332,1.7407548015647353e-21,12.542477850576159,336,256,265
Ending Placement,Japanese Riichi,Hanchan,501200..502399,TileSense Guide,Balanced,Speed,Placement,1200,2.1158333333333332,1.0005833022173212,0.02888435194409075,0.4729027028990884,1.018316006455445,1200,0.16623130135693912,-0.3625,2.948831685542039e-19,0.24783333333333335,287,239,248
Win Rate,Japanese Riichi,Hanchan,501200..502399,TileSense Guide,Balanced,Balanced,Points,1200,0.21614787159291884,0.1460744032631105,0.004216804802283539,0.6758077337824501,0.14866318740940299,1200,0.2559885007567319,8.898746234272448e-05,0.985711695717832,0.02160588841305763,669,499,516
Deal-in Rate,Japanese Riichi,Hanchan,501200..502399,TileSense Guide,Balanced,Balanced,Points,1200,0.07459928381445438,0.08318542951296755,0.0024013565060983224,1.1150968918129145,0.08465967220241269,1200,0.0983914778949353,-0.08360802120351282,1.326335106719857e-84,0.03164146100359345,189,172,178
Ending Points (% vs start),Japanese Riichi,Hanchan,501200..502399,TileSense Guide,Balanced,Balanced,Points,1200,23.300666666666658,56.40583789241892,1.6282962845527227,2.420782147538795,57.40548283795549,1200,0.26516445253217386,22.49866666666669,3.8907500273920595e-26,12.542477850576159,355,262,271
Ending Placement,Japanese Riichi,Hanchan,501200..502399,TileSense Guide,Balanced,Balanced,Points,1200,2.11875,1.0045053326402764,0.028997571210113905,0.4741028118656172,1.0223075445399306,1200,0.20609992624574733,-0.3595833333333333,1.076326598933416e-19,0.24783333333333335,288,229,237
Win Rate,Japanese Riichi,Hanchan,501200..502399,TileSense Guide,Balanced,Balanced,Placement,1200,0.22049456560882708,0.1475412697428006,0.004259149590129256,0.6691378961445663,0.15015605023480816,1200,0.2783547492778585,0.004435681478251136,0.7347971442500218,0.02160588841305763,677,489,507
Deal-in Rate,Japanese Riichi,Hanchan,501200..502399,TileSense Guide,Balanced,Balanced,Placement,1200,0.07224853079139094,0.08334796818026867,0.0024060485932643236,1.1536285550349257,0.08482509143958553,1200,0.10668990821091193,-0.08595877422657622,7.0111399925059916e-90,0.03164146100359345,189,171,177
Ending Points (% vs start),Japanese Riichi,Hanchan,501200..502399,TileSense Guide,Balanced,Balanced,Placement,1200,23.65200000000001,55.07043541423953,1.5897465355400546,2.328362735254503,56.04641386730922,1200,0.2683832184232702,22.850000000000023,1.73347295631436e-27,12.542477850576159,348,256,265
Ending Placement,Japanese Riichi,Hanchan,501200..502399,TileSense Guide,Balanced,Balanced,Placement,1200,2.1129166666666666,0.9913932335397896,0.028619057512848548,0.46920602652247984,1.0089630680104233,1200,0.202665647811288,-0.36541666666666667,2.0649432641979368e-20,0.24783333333333335,284,227,235
Win Rate,Japanese Riichi,Hanchan,501200..502399,TileSense Guide,Aggressive,Speed,Points,1200,0.26048249394940615,0.1530495689028938,0.0044181604902720955,0.5875618226099326,0.15576196949274287,1200,0.22348252615282052,0.0444236098188304,1.8260457611755436e-16,0.02160588841305763,705,548,568
Deal-in Rate,Japanese Riichi,Hanchan,501200..502399,TileSense Guide,Aggressive,Speed,Points,1200,0.09515944376973824,0.09574346024723744,0.0027638756273444384,1.0061372413957397,0.09744026096291647,1200,0.11887191333783181,-0.06304786124822888,3.680635572670478e-46,0.03164146100359345,206,183,190
Ending Points (% vs start),Japanese Riichi,Hanchan,501200..502399,TileSense Guide,Aggressive,Speed,Points,1200,26.017666666666624,60.157844817888645,1.736607394973787,2.3121921572990947,61.22398420617806,1200,0.2539068823909455,25.21566666666668,3.274026771674564e-30,12.542477850576159,377,282,292
Ending Placement,Japanese Riichi,Hanchan,501200..502399,TileSense Guide,Aggressive,Speed,Points,1200,2.0825,1.0329567188347348,0.029818891984023335,0.49601763209351013,1.051263156634854,1200,0.20572319771504266,-0.3958333333333333,5.0078914744984855e-23,0.24783333333333335,295,235,243
Win Rate,Japanese Riichi,Hanchan,501200..502399,TileSense Guide,Aggressive,Speed,Placement,1200,0.2587429965867472,0.14629099771768833,0.004223057345616314,0.565391139654063,0.1488836204303392,1200,0.23254644837958288,0.04268411245617131,3.1622089923983946e-16,0.02160588841305763,671,515,534
Deal-in Rate,Japanese Riichi,Hanchan,501200..502399,TileSense Guide,Aggressive,Speed,Placement,1200,0.09325274051928495,0.09271523550917866,0.002676458308960192,0.9942360406019903,0.0943583689154717,1200,0.1428926047569332,-0.06495456449868214,7.311936871448058e-51,0.03164146100359345,202,175,181
Ending Points (% vs start),Japanese Riichi,Hanchan,501200..502399,TileSense Guide,Aggressive,Speed,Placement,1200,21.169666666666664,54.38542965741287,1.5699721226350387,2.5690262635569545,55.34926818723948,1200,0.2539227731978018,20.36766666666666,5.348825153352932e-22,12.542477850576159,344,258,267
Ending Placement,Japanese Riichi,Hanchan,501200..502399,TileSense Guide,Aggressive,Speed,Placement,1200,2.12375,1.0191547974920399,0.029420464833896383,0.47988454266841196,1.0372166325803753,1200,0.19514681408940282,-0.3545833333333333,7.331079580611052e-19,0.24783333333333335,292,235,243
Win Rate,Japanese Riichi,Hanchan,501200..502399,TileSense Guide,Aggressive,Balanced,Points,1200,0.22967409305664005,0.14967739723406032,0.004320814279234363,0.651694735100786,0.1523300349608763,1200,0.21650278399411607,0.013615208926064189,0.025835846591827888,0.02160588841305763,687,539,559
Deal-in Rate,Japanese Riichi,Hanchan,501200..502399,TileSense Guide,Aggressive,Balanced,Points,1200,0.09518238207083053,0.09342554367265087,0.0026969631394296056,0.9815423993394881,0.095081265420717,1200,0.13056630582232323,-0.06302492294713659,3.0751815096640267e-47,0.03164146100359345,203,178,184
Ending Points (% vs start),Japanese Riichi,Hanchan,501200..502399,TileSense Guide,Aggressive,Balanced,Points,1200,24.47833333333331,60.38425412039924,1.7431432685613633,2.466844997088553,61.454406017381615,1200,0.2564188981389681,23.67633333333335,7.972989965502086e-27,12.542477850576159,379,282,292
Ending Placement,Japanese Riichi,Hanchan,501200..502399,TileSense Guide,Aggressive,Balanced,Points,1200,2.111666666666667,1.0287917991640705,0.029698661109372772,0.48719422217714464,1.047024424730334,1200,0.18052823304717455,-0.36666666666666664,1.7410306384382082e-19,0.24783333333333335,294,241,250
Win Rate,Japanese Riichi,Hanchan,501200..502399,TileSense Guide,Aggressive,Balanced,Placement,1200,0.23387136712330278,0.14721548288631983,0.004249744933664874,0.6294720242889082,0.149824489664177,1200,0.2521679452585431,0.01781248299272679,0.002592833251509934,0.02160588841305763,675,506,524
Deal-in Rate,Japanese Riichi,Hanchan,501200..502399,TileSense Guide,Aggressive,Balanced,Placement,1200,0.0964849483448558,0.09765887411588121,0.0028191688629779894,1.012166931642328,0.09938962049860366,1200,0.12066722785666967,-0.061722356673111385,4.0437280267953535e-44,0.03164146100359345,209,185,192
Ending Points (% vs start),Japanese Riichi,Hanchan,501200..502399,TileSense Guide,Aggressive,Balanced,Placement,1200,22.15833333333332,57.54330100133868,1.6611320161591274,2.596914674750149,58.563104485247365,1200,0.2669193910079934,21.35633333333334,2.4376619018325375e-23,12.542477850576159,362,266,275
Ending Placement,Japanese Riichi,Hanchan,501200..502399,TileSense Guide,Aggressive,Balanced,Placement,1200,2.125,1.031509416533362,0.029777111965358517,0.4854161960156998,1.0497902047113095,1200,0.20826701301066675,-0.35333333333333333,7.331079580611052e-19,0.24783333333333335,295,234,242
Win Rate,Japanese Riichi,Hanchan,501200..502399,TileSense Auto (goal),,,Goal: Win Rate,1200,0.26048249394940615,0.1530495689028938,0.0044181604902720955,0.5875618226099326,0.15576196949274287,1200,0.22348252615282052,0.0444236098188304,4.565114402938859e-17,0.02160588841305763,705,548,568
Deal-in Rate,Japanese Riichi,Hanchan,501200..502399,TileSense Auto (goal),,,Goal: Win Rate,1200,0.09515944376973824,0.09574346024723744,0.0027638756273444384,1.0061372413957397,0.09744026096291647,1200,0.11887191333783181,-0.06304786124822888,5.520953359005717e-46,0.03164146100359345,206,183,190
Ending Points (% vs start),Japanese Riichi,Hanchan,501200..502399,TileSense Auto (goal),,,Goal: Win Rate,1200,26.017666666666624,60.157844817888645,1.736607394973787,2.3121921572990947,61.22398420617806,1200,0.2539068823909455,25.21566666666668,8.18506692918641e-31,12.542477850576159,377,282,292
Ending Placement,Japanese Riichi,Hanchan,501200..502399,TileSense Auto (goal),,,Goal: Win Rate,1200,2.0825,1.0329567188347348,0.029818891984023335,0.49601763209351013,1.051263156634854,1200,0.20572319771504266,-0.3958333333333333,1.2519728686246214e-23,0.24783333333333335,295,235,243
Win Rate,Japanese Riichi,Hanchan,501200..502399,TileSense Auto (goal),,,Goal: Points,1200,0.26048249394940615,0.1530495689028938,0.0044181604902720955,0.5875618226099326,0.15576196949274287,1200,0.22348252615282052,0.0444236098188304,4.565114402938859e-17,0.02160588841305763,705,548,568
Deal-in Rate,Japanese Riichi,Hanchan,501200..502399,TileSense Auto (goal),,,Goal: Points,1200,0.09515944376973824,0.09574346024723744,0.0027638756273444384,1.0061372413957397,0.09744026096291647,1200,0.11887191333783181,-0.06304786124822888,5.520953359005717e-46,0.03164146100359345,206,183,190
Ending Points (% vs start),Japanese Riichi,Hanchan,501200..502399,TileSense Auto (goal),,,Goal: Points,1200,26.017666666666624,60.157844817888645,1.736607394973787,2.3121921572990947,61.22398420617806,1200,0.2539068823909455,25.21566666666668,8.18506692918641e-31,12.542477850576159,377,282,292
Ending Placement,Japanese Riichi,Hanchan,501200..502399,TileSense Auto (goal),,,Goal: Points,1200,2.0825,1.0329567188347348,0.029818891984023335,0.49601763209351013,1.051263156634854,1200,0.20572319771504266,-0.3958333333333333,1.2519728686246214e-23,0.24783333333333335,295,235,243
Win Rate,Japanese Riichi,Hanchan,501200..502399,TileSense Auto (goal),,,Goal: Placement,1200,0.26048249394940615,0.1530495689028938,0.0044181604902720955,0.5875618226099326,0.15576196949274287,1200,0.22348252615282052,0.0444236098188304,4.565114402938859e-17,0.02160588841305763,705,548,568
Deal-in Rate,Japanese Riichi,Hanchan,501200..502399,TileSense Auto (goal),,,Goal: Placement,1200,0.09515944376973824,0.09574346024723744,0.0027638756273444384,1.0061372413957397,0.09744026096291647,1200,0.11887191333783181,-0.06304786124822888,5.520953359005717e-46,0.03164146100359345,206,183,190
Ending Points (% vs start),Japanese Riichi,Hanchan,501200..502399,TileSense Auto (goal),,,Goal: Placement,1200,26.017666666666624,60.157844817888645,1.736607394973787,2.3121921572990947,61.22398420617806,1200,0.2539068823909455,25.21566666666668,8.18506692918641e-31,12.542477850576159,377,282,292
Ending Placement,Japanese Riichi,Hanchan,501200..502399,TileSense Auto (goal),,,Goal: Placement,1200,2.0825,1.0329567188347348,0.029818891984023335,0.49601763209351013,1.051263156634854,1200,0.20572319771504266,-0.3958333333333333,1.2519728686246214e-23,0.24783333333333335,295,235,243
Win Rate,Hong Kong 0-faan min,East only,501200..502399,Simple Bot (control),,,,1200,0.2613017376142369,0.19425379596476403,0.005607624069568157,0.743407976304939,0.19769643297793685,,,,,,,,
Deal-in Rate,Hong Kong 0-faan min,East only,501200..502399,Simple Bot (control),,,,1200,0.19005747955747893,0.17498832215743873,0.00505147774513191,0.9207126315937341,0.17808952937833383,,,,,,,,
Ending Points (% vs start),Hong Kong 0-faan min,East only,501200..502399,Simple Bot (control),,,,1200,0.14416666666666658,2.3312038517443185,0.06729605856702373,16.170200127706266,2.37251830135601,,,,,,,,
Ending Placement,Hong Kong 0-faan min,East only,501200..502399,Simple Bot (control),,,,1200,2.45625,1.1184826509011998,0.03228781297908669,0.4553618934966717,1.1383048106353786,,,,,,,,
Win Rate,Hong Kong 0-faan min,East only,501200..502399,TileSense Guide,Balanced,Speed,Points,1200,0.30579710798460763,0.19927942304305885,0.0057527014268931665,0.6516720329908732,0.20281112606242327,1200,0.18763999608230836,0.04449537037037036,1.6005356130532606e-09,0.026130173761423715,891,724,750
Deal-in Rate,Hong Kong 0-faan min,East only,501200..502399,TileSense Guide,Balanced,Speed,Points,1200,0.16487611231361177,0.16047750875121483,0.00463258664381972,0.9733217656537757,0.16332155001519563,1200,0.10584406421292704,-0.02518136724386723,0.000102567211573851,0.038011495911495795,307,274,284
Ending Points (% vs start),Hong Kong 0-faan min,East only,501200..502399,TileSense Guide,Balanced,Speed,Points,1200,0.6313333333333325,2.8932900814012448,0.08352209036703413,4.582824838544744,2.944566029315717,1200,0.18702182600765643,0.4871666666666663,1.0114739955462395e-06,0.4662407703488632,499,408,422
Ending Placement,Hong Kong 0-faan min,East only,501200..502399,TileSense Guide,Balanced,Speed,Points,1200,2.2558333333333334,1.1096886107821593,0.032033950907587073,0.4919195910375291,1.1293549193122019,1200,0.1788660417828287,-0.20041666666666666,2.3157028185887124e-06,0.24562499999999998,323,266,275
Win Rate,Hong Kong 0-faan min,East only,501200..502399,TileSense Guide,Balanced,Balanced,Points,1200,0.3022613335738332,0.19727735237553518,0.005694906624951594,0.6526714814726586,0.20077357396428575,1200,0.18742094476438978,0.04095959595959595,1.3068483489758821e-08,0.026130173761423715,882,717,742
Deal-in Rate,Hong Kong 0-faan min,East only,501200..502399,TileSense Guide,Balanced,Balanced,Points,1200,0.16281442400192353,0.1598094672622235,0.004613301947144771,0.9815436699904149,0.16264166924993734,1200,0.1024553292922859,-0.02724305555555556,5.280670638876516e-05,0.038011495911495795,306,274,284
Ending Points (% vs start),Hong Kong 0-faan min,East only,501200..502399,TileSense Guide,Balanced,Balanced,Points,1200,0.6309999999999991,3.0150977892763415,0.08703837601358706,4.778284927537791,3.068532458061816,1200,0.20812680094490912,0.48683333333333273,1.0114739955462395e-06,0.4662407703488632,525,419,434
Ending Placement,Hong Kong 0-faan min,East only,501200..502399,TileSense Guide,Balanced,Balanced,Points,1200,2.2575,1.1109931014154983,0.03207160830850275,0.49213426419291184,1.1306825286069568,1200,0.18592995658746356,-0.19875,2.3157028185887124e-06,0.24562499999999998,324,264,273
Win Rate,Hong Kong 0-faan min,East only,501200..502399,TileSense Auto (goal),,,Goal: Win Rate,1200,0.30579710798460763,0.19927942304305885,0.0057527014268931665,0.6516720329908732,0.20281112606242327,1200,0.18763999608230836,0.04449537037037036,2.400803419579891e-09,0.026130173761423715,891,724,750
Deal-in Rate,Hong Kong 0-faan min,East only,501200..502399,TileSense Auto (goal),,,Goal: Win Rate,1200,0.16487611231361177,0.16047750875121483,0.00463258664381972,0.9733217656537757,0.16332155001519563,1200,0.10584406421292704,-0.02518136724386723,0.000307701634721553,0.038011495911495795,307,274,284
Ending Points (% vs start),Hong Kong 0-faan min,East only,501200..502399,TileSense Auto (goal),,,Goal: Win Rate,1200,0.6313333333333325,2.8932900814012448,0.08352209036703413,4.582824838544744,2.944566029315717,1200,0.18702182600765643,0.4871666666666663,1.5172109933193592e-06,0.4662407703488632,499,408,422
Ending Placement,Hong Kong 0-faan min,East only,501200..502399,TileSense Auto (goal),,,Goal: Win Rate,1200,2.2558333333333334,1.1096886107821593,0.032033950907587073,0.4919195910375291,1.1293549193122019,1200,0.1788660417828287,-0.20041666666666666,3.4735542278830684e-06,0.24562499999999998,323,266,275
Win Rate,Hong Kong 0-faan min,East only,501200..502399,TileSense Auto (goal),,,Goal: Points,1200,0.30579710798460763,0.19927942304305885,0.0057527014268931665,0.6516720329908732,0.20281112606242327,1200,0.18763999608230836,0.04449537037037036,2.400803419579891e-09,0.026130173761423715,891,724,750
Deal-in Rate,Hong Kong 0-faan min,East only,501200..502399,TileSense Auto (goal),,,Goal: Points,1200,0.16487611231361177,0.16047750875121483,0.00463258664381972,0.9733217656537757,0.16332155001519563,1200,0.10584406421292704,-0.02518136724386723,0.000307701634721553,0.038011495911495795,307,274,284
Ending Points (% vs start),Hong Kong 0-faan min,East only,501200..502399,TileSense Auto (goal),,,Goal: Points,1200,0.6313333333333325,2.8932900814012448,0.08352209036703413,4.582824838544744,2.944566029315717,1200,0.18702182600765643,0.4871666666666663,1.5172109933193592e-06,0.4662407703488632,499,408,422
Ending Placement,Hong Kong 0-faan min,East only,501200..502399,TileSense Auto (goal),,,Goal: Points,1200,2.2558333333333334,1.1096886107821593,0.032033950907587073,0.4919195910375291,1.1293549193122019,1200,0.1788660417828287,-0.20041666666666666,3.4735542278830684e-06,0.24562499999999998,323,266,275
Win Rate,Hong Kong 0-faan min,East only,501200..502399,TileSense Auto (goal),,,Goal: Placement,1200,0.30579710798460763,0.19927942304305885,0.0057527014268931665,0.6516720329908732,0.20281112606242327,1200,0.18763999608230836,0.04449537037037036,2.400803419579891e-09,0.026130173761423715,891,724,750
Deal-in Rate,Hong Kong 0-faan min,East only,501200..502399,TileSense Auto (goal),,,Goal: Placement,1200,0.16487611231361177,0.16047750875121483,0.00463258664381972,0.9733217656537757,0.16332155001519563,1200,0.10584406421292704,-0.02518136724386723,0.000307701634721553,0.038011495911495795,307,274,284
Ending Points (% vs start),Hong Kong 0-faan min,East only,501200..502399,TileSense Auto (goal),,,Goal: Placement,1200,0.6313333333333325,2.8932900814012448,0.08352209036703413,4.582824838544744,2.944566029315717,1200,0.18702182600765643,0.4871666666666663,1.5172109933193592e-06,0.4662407703488632,499,408,422
Ending Placement,Hong Kong 0-faan min,East only,501200..502399,TileSense Auto (goal),,,Goal: Placement,1200,2.2558333333333334,1.1096886107821593,0.032033950907587073,0.4919195910375291,1.1293549193122019,1200,0.1788660417828287,-0.20041666666666666,3.4735542278830684e-06,0.24562499999999998,323,266,275
Win Rate,Hong Kong 0-faan min,Hanchan,501200..502399,Simple Bot (control),,,,1200,0.26223992897367554,0.13251231893472407,0.0038253011503952238,0.5053094677585352,0.1348607508487588,,,,,,,,
Deal-in Rate,Hong Kong 0-faan min,Hanchan,501200..502399,Simple Bot (control),,,,1200,0.19445907964870887,0.11940699195160742,0.003446982947319201,0.6140468841430117,0.12152316645456951,,,,,,,,
Ending Points (% vs start),Hong Kong 0-faan min,Hanchan,501200..502399,Simple Bot (control),,,,1200,0.3396666666666666,3.3906253364779,0.09787892253683404,9.982213944488421,3.4507152421767198,,,,,,,,
Ending Placement,Hong Kong 0-faan min,Hanchan,501200..502399,Simple Bot (control),,,,1200,2.3925,1.1059896447278363,0.03192717095522774,0.46227362371069436,1.1255903988248968,,,,,,,,
Win Rate,Hong Kong 0-faan min,Hanchan,501200..502399,TileSense Guide,Balanced,Speed,Points,1200,0.30852091926463115,0.14186941566404873,0.004095417266170672,0.459837264851274,0.1443836774779638,1200,0.1893086985266582,0.0462809902909554,9.486711572775e-20,0.026223992897367557,431,349,362
Deal-in Rate,Hong Kong 0-faan min,Hanchan,501200..502399,TileSense Guide,Balanced,Speed,Points,1200,0.16471821590503918,0.11174273862882,0.003225735011366761,0.6783872567757789,0.11372308442358971,1200,0.06783719129859041,-0.029740863743669486,6.82329860233639e-11,0.03889181592974178,139,130,135
Ending Points (% vs start),Hong Kong 0-faan min,Hanchan,501200..502399,TileSense Guide,Balanced,Speed,Points,1200,1.3016666666666672,3.9919348076439416,0.11523723178903332,3.0667873042078924,4.062681340316388,1200,0.15381196102583883,0.9620000000000001,9.79495559526518e-12,0.6781250672955794,469,398,412
Ending Placement,Hong Kong 0-faan min,Hanchan,501200..502399,TileSense Guide,Balanced,Speed,Points,1200,2.120416666666667,1.0868651662604,0.031375094815663467,0.512571506980735,1.1061269893363053,1200,0.14590151430020365,-0.27208333333333334,9.606848802369471e-11,0.23925000000000002,330,282,292
Win Rate,Hong Kong 0-faan min,Hanchan,501200..502399,TileSense Guide,Balanced,Balanced,Points,1200,0.3037258683188447,0.1410877810165808,0.004072853417464494,0.46452342633018656,0.14358819041461493,1200,0.18341946010106328,0.04148593934516919,2.1302609111069761e-16,0.026223992897367557,428,350,362
Deal-in Rate,Hong Kong 0-faan min,Hanchan,501200..502399,TileSense Guide,Balanced,Balanced,Points,1200,0.16237299229694782,0.11230515179014014,0.003241970480870959,0.6916492096466167,0.11429546487721545,1200,0.07441721422734858,-0.032086087351760745,3.645676072482591e-12,0.03889181592974178,140,130,134
Ending Points (% vs start),Hong Kong 0-faan min,Hanchan,501200..502399,TileSense Guide,Balanced,Balanced,Points,1200,1.2531666666666668,4.075943784818807,0.117662362068346,3.252515322371704,4.148179155394392,1200,0.17662388904018794,0.9135000000000004,5.171367874498187e-11,0.6781250672955794,480,397,411
Ending Placement,Hong Kong 0-faan min,Hanchan,501200..502399,TileSense Guide,Balanced,Balanced,Points,1200,2.1466666666666665,1.087569719819583,0.03139543352501611,0.506631857058812,1.1068440292520538,1200,0.13342059068624226,-0.24583333333333332,3.6890333909566456e-09,0.23925000000000002,330,286,297
Win Rate,Hong Kong 0-faan min,Hanchan,501200..502399,TileSense Auto (goal),,,Goal: Win Rate,1200,0.30852091926463115,0.14186941566404873,0.004095417266170672,0.459837264851274,0.1443836774779638,1200,0.1893086985266582,0.0462809902909554,1.42300673591625e-19,0.026223992897367557,431,349,362
Deal-in Rate,Hong Kong 0-faan min,Hanchan,501200..502399,TileSense Auto (goal),,,Goal: Win Rate,1200,0.16471821590503918,0.11174273862882,0.003225735011366761,0.6783872567757789,0.11372308442358971,1200,0.06783719129859041,-0.029740863743669486,2.0469895807009167e-10,0.03889181592974178,139,130,135
Ending Points (% vs start),Hong Kong 0-faan min,Hanchan,501200..502399,TileSense Auto (goal),,,Goal: Win Rate,1200,1.3016666666666672,3.9919348076439416,0.11523723178903332,3.0667873042078924,4.062681340316388,1200,0.15381196102583883,0.9620000000000001,1.4692433392897768e-11,0.6781250672955794,469,398,412
Ending Placement,Hong Kong 0-faan min,Hanchan,501200..502399,TileSense Auto (goal),,,Goal: Win Rate,1200,2.120416666666667,1.0868651662604,0.031375094815663467,0.512571506980735,1.1061269893363053,1200,0.14590151430020365,-0.27208333333333334,1.4410273203554206e-10,0.23925000000000002,330,282,292
Win Rate,Hong Kong 0-faan min,Hanchan,501200..502399,TileSense Auto (goal),,,Goal: Points,1200,0.30852091926463115,0.14186941566404873,0.004095417266170672,0.459837264851274,0.1443836774779638,1200,0.1893086985266582,0.0462809902909554,1.42300673591625e-19,0.026223992897367557,431,349,362
Deal-in Rate,Hong Kong 0-faan min,Hanchan,501200..502399,TileSense Auto (goal),,,Goal: Points,1200,0.16471821590503918,0.11174273862882,0.003225735011366761,0.6783872567757789,0.11372308442358971,1200,0.06783719129859041,-0.029740863743669486,2.0469895807009167e-10,0.03889181592974178,139,130,135
Ending Points (% vs start),Hong Kong 0-faan min,Hanchan,501200..502399,TileSense Auto (goal),,,Goal: Points,1200,1.3016666666666672,3.9919348076439416,0.11523723178903332,3.0667873042078924,4.062681340316388,1200,0.15381196102583883,0.9620000000000001,1.4692433392897768e-11,0.6781250672955794,469,398,412
Ending Placement,Hong Kong 0-faan min,Hanchan,501200..502399,TileSense Auto (goal),,,Goal: Points,1200,2.120416666666667,1.0868651662604,0.031375094815663467,0.512571506980735,1.1061269893363053,1200,0.14590151430020365,-0.27208333333333334,1.4410273203554206e-10,0.23925000000000002,330,282,292
Win Rate,Hong Kong 0-faan min,Hanchan,501200..502399,TileSense Auto (goal),,,Goal: Placement,1200,0.30852091926463115,0.14186941566404873,0.004095417266170672,0.459837264851274,0.1443836774779638,1200,0.1893086985266582,0.0462809902909554,1.42300673591625e-19,0.026223992897367557,431,349,362
Deal-in Rate,Hong Kong 0-faan min,Hanchan,501200..502399,TileSense Auto (goal),,,Goal: Placement,1200,0.16471821590503918,0.11174273862882,0.003225735011366761,0.6783872567757789,0.11372308442358971,1200,0.06783719129859041,-0.029740863743669486,2.0469895807009167e-10,0.03889181592974178,139,130,135
Ending Points (% vs start),Hong Kong 0-faan min,Hanchan,501200..502399,TileSense Auto (goal),,,Goal: Placement,1200,1.3016666666666672,3.9919348076439416,0.11523723178903332,3.0667873042078924,4.062681340316388,1200,0.15381196102583883,0.9620000000000001,1.4692433392897768e-11,0.6781250672955794,469,398,412
Ending Placement,Hong Kong 0-faan min,Hanchan,501200..502399,TileSense Auto (goal),,,Goal: Placement,1200,2.120416666666667,1.0868651662604,0.031375094815663467,0.512571506980735,1.1061269893363053,1200,0.14590151430020365,-0.27208333333333334,1.4410273203554206e-10,0.23925000000000002,330,282,292
Win Rate,Hong Kong 1-faan min,East only,501200..502399,Simple Bot (control),,,,1200,0.26565184583934476,0.19250030698134937,0.005557005202738382,0.724633801708141,0.19591186801967952,,,,,,,,
Deal-in Rate,Hong Kong 1-faan min,East only,501200..502399,Simple Bot (control),,,,1200,0.1761559042809039,0.1685852685059609,0.004866637507666092,0.9570230937995093,0.17157299846177382,,,,,,,,
Ending Points (% vs start),Hong Kong 1-faan min,East only,501200..502399,Simple Bot (control),,,,1200,0.17883333333333315,2.5257543100199538,0.07291224653984388,14.123509655284005,2.57051665420309,,,,,,,,
Ending Placement,Hong Kong 1-faan min,East only,501200..502399,Simple Bot (control),,,,1200,2.4345833333333333,1.1097470921623052,0.032035639119615565,0.455826291492304,1.1294144371208144,,,,,,,,
Win Rate,Hong Kong 1-faan min,East only,501200..502399,TileSense Guide,Balanced,Speed,Points,1200,0.3080678210678202,0.19885150539453442,0.005740348508414837,0.6454796372606467,0.2023756247003962,1200,0.15374814881687,0.04241597522847528,1.5774323570074267e-08,0.026565184583934493,852,722,747
Deal-in Rate,Hong Kong 1-faan min,East only,501200..502399,TileSense Guide,Balanced,Speed,Points,1200,0.15433805315055277,0.15890234646495208,0.004587115625320163,1.029573350325645,0.1617184721252171,1200,0.11260031034896364,-0.021817851130351097,0.0005346206261800114,0.03523118085618079,340,302,313
Ending Points (% vs start),Hong Kong 1-faan min,East only,501200..502399,TileSense Guide,Balanced,Speed,Points,1200,0.7298333333333321,2.9771288269515273,0.08594230648263294,4.079189988972184,3.0298905958618563,1200,0.150514250343098,0.5510000000000003,1.1702190453152316e-07,0.5051508620039912,469,400,414
Ending Placement,Hong Kong 1-faan min,East only,501200..502399,TileSense Guide,Balanced,Speed,Points,1200,2.1991666666666667,1.089183749383985,0.03144202654519048,0.49527112514618493,1.108486663240329,1200,0.15431019240379393,-0.23541666666666666,1.203129363055675e-08,0.24345833333333333,321,271,281
Win Rate,Hong Kong 1-faan min,East only,501200..502399,TileSense Guide,Balanced,Balanced,Points,1200,0.30715214646464567,0.19885372326431852,0.0057404125328006815,0.6474111464078839,0.202377881876082,1200,0.16079941260002556,0.04150030062530068,1.5774323570074267e-08,0.026565184583934493,852,716,741
Deal-in Rate,Hong Kong 1-faan min,East only,501200..502399,TileSense Guide,Balanced,Balanced,Points,1200,0.1502477753727751,0.15686551557032088,0.0045283173820547095,1.0440455120292245,0.1596455437664792,1200,0.10041074512303502,-0.02590812890812888,7.962543907025994e-05,0.03523118085618079,336,302,313
Ending Points (% vs start),Hong Kong 1-faan min,East only,501200..502399,TileSense Guide,Balanced,Balanced,Points,1200,0.7678333333333324,3.084800690748149,0.08905052545998936,4.017539427933344,3.1394706599165096,1200,0.17573884553124366,0.5890000000000004,3.708366297565192e-08,0.5051508620039912,489,405,420
Ending Placement,Hong Kong 1-faan min,East only,501200..502399,TileSense Guide,Balanced,Balanced,Points,1200,2.1929166666666666,1.0904046550013422,0.031477271054532296,0.497239439863808,1.1097292061947948,1200,0.14414992729718798,-0.24166666666666667,1.203129363055675e-08,0.24345833333333333,321,275,285
Win Rate,Hong Kong 1-faan min,East only,501200..502399,TileSense Auto (goal),,,Goal: Win Rate,1200,0.3080678210678202,0.19885150539453442,0.005740348508414837,0.6454796372606467,0.2023756247003962,1200,0.15374814881687,0.04241597522847528,2.3661485355111398e-08,0.026565184583934493,852,722,747
Deal-in Rate,Hong Kong 1-faan min,East only,501200..502399,TileSense Auto (goal),,,Goal: Win Rate,1200,0.15433805315055277,0.15890234646495208,0.004587115625320163,1.029573350325645,0.1617184721252171,1200,0.11260031034896364,-0.021817851130351097,0.001603861878540034,0.03523118085618079,340,302,313
Ending Points (% vs start),Hong Kong 1-faan min,East only,501200..502399,TileSense Auto (goal),,,Goal: Win Rate,1200,0.7298333333333321,2.9771288269515273,0.08594230648263294,4.079189988972184,3.0298905958618563,1200,0.150514250343098,0.5510000000000003,3.510657135945695e-07,0.5051508620039912,469,400,414
Ending Placement,Hong Kong 1-faan min,East only,501200..502399,TileSense Auto (goal),,,Goal: Win Rate,1200,2.1991666666666667,1.089183749383985,0.03144202654519048,0.49527112514618493,1.108486663240329,1200,0.15431019240379393,-0.23541666666666666,3.5324843959579386e-08,0.24345833333333333,321,271,281
Win Rate,Hong Kong 1-faan min,East only,501200..502399,TileSense Auto (goal),,,Goal: Points,1200,0.3080678210678202,0.19885150539453442,0.005740348508414837,0.6454796372606467,0.2023756247003962,1200,0.15374814881687,0.04241597522847528,2.3661485355111398e-08,0.026565184583934493,852,722,747
Deal-in Rate,Hong Kong 1-faan min,East only,501200..502399,TileSense Auto (goal),,,Goal: Points,1200,0.15433805315055277,0.15890234646495208,0.004587115625320163,1.029573350325645,0.1617184721252171,1200,0.11260031034896364,-0.021817851130351097,0.001603861878540034,0.03523118085618079,340,302,313
Ending Points (% vs start),Hong Kong 1-faan min,East only,501200..502399,TileSense Auto (goal),,,Goal: Points,1200,0.7298333333333321,2.9771288269515273,0.08594230648263294,4.079189988972184,3.0298905958618563,1200,0.150514250343098,0.5510000000000003,3.510657135945695e-07,0.5051508620039912,469,400,414
Ending Placement,Hong Kong 1-faan min,East only,501200..502399,TileSense Auto (goal),,,Goal: Points,1200,2.1991666666666667,1.089183749383985,0.03144202654519048,0.49527112514618493,1.108486663240329,1200,0.15431019240379393,-0.23541666666666666,3.5324843959579386e-08,0.24345833333333333,321,271,281
Win Rate,Hong Kong 1-faan min,East only,501200..502399,TileSense Auto (goal),,,Goal: Placement,1200,0.3080678210678202,0.19885150539453442,0.005740348508414837,0.6454796372606467,0.2023756247003962,1200,0.15374814881687,0.04241597522847528,2.3661485355111398e-08,0.026565184583934493,852,722,747
Deal-in Rate,Hong Kong 1-faan min,East only,501200..502399,TileSense Auto (goal),,,Goal: Placement,1200,0.15433805315055277,0.15890234646495208,0.004587115625320163,1.029573350325645,0.1617184721252171,1200,0.11260031034896364,-0.021817851130351097,0.001603861878540034,0.03523118085618079,340,302,313
Ending Points (% vs start),Hong Kong 1-faan min,East only,501200..502399,TileSense Auto (goal),,,Goal: Placement,1200,0.7298333333333321,2.9771288269515273,0.08594230648263294,4.079189988972184,3.0298905958618563,1200,0.150514250343098,0.5510000000000003,3.510657135945695e-07,0.5051508620039912,469,400,414
Ending Placement,Hong Kong 1-faan min,East only,501200..502399,TileSense Auto (goal),,,Goal: Placement,1200,2.1991666666666667,1.089183749383985,0.03144202654519048,0.49527112514618493,1.108486663240329,1200,0.15431019240379393,-0.23541666666666666,3.5324843959579386e-08,0.24345833333333333,321,271,281
Win Rate,Hong Kong 1-faan min,Hanchan,501200..502399,Simple Bot (control),,,,1200,0.2665182422031301,0.13353937765951632,0.0038549497819568416,0.5010515473748985,0.1359060114849377,,,,,,,,
Deal-in Rate,Hong Kong 1-faan min,Hanchan,501200..502399,Simple Bot (control),,,,1200,0.17713924975738105,0.11520777815641384,0.0033257620865672103,0.6503797341030194,0.11724953265246815,,,,,,,,
Ending Points (% vs start),Hong Kong 1-faan min,Hanchan,501200..502399,Simple Bot (control),,,,1200,0.34933333333333294,3.4810531449625883,0.10048934851537718,9.964846789015054,3.5427456454470763,,,,,,,,
Ending Placement,Hong Kong 1-faan min,Hanchan,501200..502399,Simple Bot (control),,,,1200,2.39,1.1179332772324206,0.03227195392730892,0.46775450930226803,1.1377457007649627,,,,,,,,
Win Rate,Hong Kong 1-faan min,Hanchan,501200..502399,TileSense Guide,Balanced,Speed,Points,1200,0.30933153734237384,0.1426093886920809,0.004116778447517043,0.4610244073957393,0.14513676457937816,1200,0.09949335308364697,0.04281329513924338,2.5176262335809206e-15,0.026651824220313036,422,380,394
Deal-in Rate,Hong Kong 1-faan min,Hanchan,501200..502399,TileSense Guide,Balanced,Speed,Points,1200,0.15221530031930633,0.11022453400091342,0.0031819082188364206,0.7241357062640372,0.1121779736164775,1200,0.09217901314424706,-0.024923949438074813,1.3234281133630568e-08,0.03542784995147624,159,145,150
Ending Points (% vs start),Hong Kong 1-faan min,Hanchan,501200..502399,TileSense Guide,Balanced,Speed,Points,1200,1.454666666666665,4.080222837569749,0.11778588768122765,2.804919457541077,4.152534043087496,1200,0.12057593218616411,1.1053333333333335,2.8202893088676024e-14,0.6962106289925173,466,411,426
Ending Placement,Hong Kong 1-faan min,Hanchan,501200..502399,TileSense Guide,Balanced,Speed,Points,1200,2.0683333333333334,1.0585040928834883,0.03055638114823013,0.5117666847140153,1.0772632906158024,1200,0.09075845351548417,-0.32166666666666666,3.203392948533899e-14,0.23900000000000002,326,297,307
Win Rate,Hong Kong 1-faan min,Hanchan,501200..502399,TileSense Guide,Balanced,Balanced,Points,1200,0.307356733375987,0.1414301503632893,0.004082736769188715,0.4601498356968771,0.14393662735644713,1200,0.10458967999236866,0.04083849117285661,1.526730466833171e-14,0.026651824220313036,419,375,388
Deal-in Rate,Hong Kong 1-faan min,Hanchan,501200..502399,TileSense Guide,Balanced,Balanced,Points,1200,0.1485408328305973,0.10891151307038009,0.003144004569451669,0.7332092529371215,0.11084168284747292,1200,0.08999419055713466,-0.028598416926783787,1.1507636787766601e-10,0.03542784995147624,158,144,149
Ending Points (% vs start),Hong Kong 1-faan min,Hanchan,501200..502399,TileSense Guide,Balanced,Balanced,Points,1200,1.5014999999999983,4.169070484803061,0.12035069833357855,2.7766037194825617,4.242956280909269,1200,0.1378035480213235,1.1521666666666655,5.404305455300565e-15,0.6962106289925173,478,413,428
Ending Placement,Hong Kong 1-faan min,Hanchan,501200..502399,TileSense Guide,Balanced,Balanced,Points,1200,2.05125,1.0524597365604547,0.030381895610721053,0.5130821384816354,1.071111813993291,1200,0.0866685628282763,-0.33875,2.5611064851231216e-15,0.23900000000000002,324,296,307
Win Rate,Hong Kong 1-faan min,Hanchan,501200..502399,TileSense Auto (goal),,,Goal: Win Rate,1200,0.30933153734237384,0.1426093886920809,0.004116778447517043,0.4610244073957393,0.14513676457937816,1200,0.09949335308364697,0.04281329513924338,3.776439350371381e-15,0.026651824220313036,422,380,394
Deal-in Rate,Hong Kong 1-faan min,Hanchan,501200..502399,TileSense Auto (goal),,,Goal: Win Rate,1200,0.15221530031930633,0.11022453400091342,0.0031819082188364206,0.7241357062640372,0.1121779736164775,1200,0.09217901314424706,-0.024923949438074813,3.97028434008917e-08,0.03542784995147624,159,145,150
Ending Points (% vs start),Hong Kong 1-faan min,Hanchan,501200..502399,TileSense Auto (goal),,,Goal: Win Rate,1200,1.454666666666665,4.080222837569749,0.11778588768122765,2.804919457541077,4.152534043087496,1200,0.12057593218616411,1.1053333333333335,8.460867926602808e-14,0.6962106289925173,466,411,426
Ending Placement,Hong Kong 1-faan min,Hanchan,501200..502399,TileSense Auto (goal),,,Goal: Win Rate,1200,2.0683333333333334,1.0585040928834883,0.03055638114823013,0.5117666847140153,1.0772632906158024,1200,0.09075845351548417,-0.32166666666666666,9.610178845601696e-14,0.23900000000000002,326,297,307
Win Rate,Hong Kong 1-faan min,Hanchan,501200..502399,TileSense Auto (goal),,,Goal: Points,1200,0.30933153734237384,0.1426093886920809,0.004116778447517043,0.4610244073957393,0.14513676457937816,1200,0.09949335308364697,0.04281329513924338,3.776439350371381e-15,0.026651824220313036,422,380,394
Deal-in Rate,Hong Kong 1-faan min,Hanchan,501200..502399,TileSense Auto (goal),,,Goal: Points,1200,0.15221530031930633,0.11022453400091342,0.0031819082188364206,0.7241357062640372,0.1121779736164775,1200,0.09217901314424706,-0.024923949438074813,3.97028434008917e-08,0.03542784995147624,159,145,150
Ending Points (% vs start),Hong Kong 1-faan min,Hanchan,501200..502399,TileSense Auto (goal),,,Goal: Points,1200,1.454666666666665,4.080222837569749,0.11778588768122765,2.804919457541077,4.152534043087496,1200,0.12057593218616411,1.1053333333333335,8.460867926602808e-14,0.6962106289925173,466,411,426
Ending Placement,Hong Kong 1-faan min,Hanchan,501200..502399,TileSense Auto (goal),,,Goal: Points,1200,2.0683333333333334,1.0585040928834883,0.03055638114823013,0.5117666847140153,1.0772632906158024,1200,0.09075845351548417,-0.32166666666666666,9.610178845601696e-14,0.23900000000000002,326,297,307
Win Rate,Hong Kong 1-faan min,Hanchan,501200..502399,TileSense Auto (goal),,,Goal: Placement,1200,0.30933153734237384,0.1426093886920809,0.004116778447517043,0.4610244073957393,0.14513676457937816,1200,0.09949335308364697,0.04281329513924338,3.776439350371381e-15,0.026651824220313036,422,380,394
Deal-in Rate,Hong Kong 1-faan min,Hanchan,501200..502399,TileSense Auto (goal),,,Goal: Placement,1200,0.15221530031930633,0.11022453400091342,0.0031819082188364206,0.7241357062640372,0.1121779736164775,1200,0.09217901314424706,-0.024923949438074813,3.97028434008917e-08,0.03542784995147624,159,145,150
Ending Points (% vs start),Hong Kong 1-faan min,Hanchan,501200..502399,TileSense Auto (goal),,,Goal: Placement,1200,1.454666666666665,4.080222837569749,0.11778588768122765,2.804919457541077,4.152534043087496,1200,0.12057593218616411,1.1053333333333335,8.460867926602808e-14,0.6962106289925173,466,411,426
Ending Placement,Hong Kong 1-faan min,Hanchan,501200..502399,TileSense Auto (goal),,,Goal: Placement,1200,2.0683333333333334,1.0585040928834883,0.03055638114823013,0.5117666847140153,1.0772632906158024,1200,0.09075845351548417,-0.32166666666666666,9.610178845601696e-14,0.23900000000000002,326,297,307
Win Rate,Hong Kong 2-faan min,East only,501200..502399,Simple Bot (control),,,,1200,0.24193072899322796,0.1778669438006731,0.005134576394162732,0.735197816915816,0.18101916701004195,,,,,,,,
Deal-in Rate,Hong Kong 2-faan min,East only,501200..502399,Simple Bot (control),,,,1200,0.12272116540866534,0.13707696422934376,0.0039570711098754156,1.1169789968411166,0.13950629246133828,,,,,,,,
Ending Points (% vs start),Hong Kong 2-faan min,East only,501200..502399,Simple Bot (control),,,,1200,0.1070000000000001,3.1997316922546317,0.09236829769288941,29.904034507052607,3.256438510781751,,,,,,,,
Ending Placement,Hong Kong 2-faan min,East only,501200..502399,Simple Bot (control),,,,1200,2.4683333333333333,1.080302318707774,0.03118564172560551,0.4376646800976802,1.099447832592478,,,,,,,,
Win Rate,Hong Kong 2-faan min,East only,501200..502399,TileSense Guide,Balanced,Speed,Points,1200,0.3034674908424898,0.18950978100662672,0.005470676153912148,0.6244813257608173,0.19286834284688043,1200,0.15908972008783895,0.06153676184926189,3.808588832390172e-19,0.024193072899322817,906,763,790
Deal-in Rate,Hong Kong 2-faan min,East only,501200..502399,TileSense Guide,Balanced,Speed,Points,1200,0.1114101430976434,0.1413815153843405,0.00408133279827931,1.2690183447698224,0.1438871304505649,1200,0.08661827017386386,-0.011311022311022309,0.05358777614274474,0.024544233081733084,506,462,479
Ending Points (% vs start),Hong Kong 2-faan min,East only,501200..502399,TileSense Guide,Balanced,Speed,Points,1200,1.1260000000000012,3.703271416282124,0.10690423745363653,3.288873371476128,3.7689021504677784,1200,0.08186520696754152,1.019000000000001,5.32487874126757e-14,0.6399463384509269,460,422,437
Ending Placement,Hong Kong 2-faan min,East only,501200..502399,TileSense Guide,Balanced,Speed,Points,1200,2.158333333333333,1.0813132081412125,0.03121482358993134,0.5009945365905232,1.1004766373791917,1200,0.0921148857629174,-0.31,1.6621259091399086e-13,0.24683333333333335,301,274,284
Win Rate,Hong Kong 2-faan min,East only,501200..502399,TileSense Guide,Balanced,Balanced,Points,1200,0.3033684163059153,0.1894016638602681,0.00546755508073444,0.6243288809250214,0.1927583096088029,1200,0.1772810812104211,0.061437687312687325,3.4748447495082497e-19,0.024193072899322817,906,746,772
Deal-in Rate,Hong Kong 2-faan min,East only,501200..502399,TileSense Guide,Balanced,Balanced,Points,1200,0.11074879749879782,0.13978444489536482,0.004035229344443064,1.2621757351079337,0.14226175609267028,1200,0.08495394808744516,-0.011972367909867906,0.05358777614274474,0.024544233081733084,500,457,474
Ending Points (% vs start),Hong Kong 2-faan min,East only,501200..502399,TileSense Guide,Balanced,Balanced,Points,1200,1.1953333333333338,3.9485234269618594,0.11398405317289864,3.3032822869173377,4.018500607225068,1200,0.09080014924230764,1.088333333333335,1.552782359870168e-14,0.6399463384509269,496,452,468
Ending Placement,Hong Kong 2-faan min,East only,501200..502399,TileSense Guide,Balanced,Balanced,Points,1200,2.155,1.0781281464882586,0.031122878779795415,0.5002914832892151,1.097235128895527,1200,0.10608096572415862,-0.31333333333333335,1.0801127744249612e-13,0.24683333333333335,301,269,278
Win Rate,Hong Kong 2-faan min,East only,501200..502399,TileSense Auto (goal),,,Goal: Win Rate,1200,0.3034674908424898,0.18950978100662672,0.005470676153912148,0.6244813257608173,0.19286834284688043,1200,0.15908972008783895,0.06153676184926189,1.1425766497170516e-18,0.024193072899322817,906,763,790
Deal-in Rate,Hong Kong 2-faan min,East only,501200..502399,TileSense Auto (goal),,,Goal: Win Rate,1200,0.1114101430976434,0.1413815153843405,0.00408133279827931,1.2690183447698224,0.1438871304505649,1200,0.08661827017386386,-0.011311022311022309,0.11205575604856731,0.024544233081733084,506,462,479
Ending Points (% vs start),Hong Kong 2-faan min,East only,501200..502399,TileSense Auto (goal),,,Goal: Win Rate,1200,1.1260000000000012,3.703271416282124,0.10690423745363653,3.288873371476128,3.7689021504677784,1200,0.08186520696754152,1.019000000000001,1.597463622380271e-13,0.6399463384509269,460,422,437
Ending Placement,Hong Kong 2-faan min,East only,501200..502399,TileSense Auto (goal),,,Goal: Win Rate,1200,2.158333333333333,1.0813132081412125,0.03121482358993134,0.5009945365905232,1.1004766373791917,1200,0.0921148857629174,-0.31,4.986377727419725e-13,0.24683333333333335,301,274,284
Win Rate,Hong Kong 2-faan min,East only,501200..502399,TileSense Auto (goal),,,Goal: Points,1200,0.3034674908424898,0.18950978100662672,0.005470676153912148,0.6244813257608173,0.19286834284688043,1200,0.15908972008783895,0.06153676184926189,1.1425766497170516e-18,0.024193072899322817,906,763,790
Deal-in Rate,Hong Kong 2-faan min,East only,501200..502399,TileSense Auto (goal),,,Goal: Points,1200,0.1114101430976434,0.1413815153843405,0.00408133279827931,1.2690183447698224,0.1438871304505649,1200,0.08661827017386386,-0.011311022311022309,0.11205575604856731,0.024544233081733084,506,462,479
Ending Points (% vs start),Hong Kong 2-faan min,East only,501200..502399,TileSense Auto (goal),,,Goal: Points,1200,1.1260000000000012,3.703271416282124,0.10690423745363653,3.288873371476128,3.7689021504677784,1200,0.08186520696754152,1.019000000000001,1.597463622380271e-13,0.6399463384509269,460,422,437
Ending Placement,Hong Kong 2-faan min,East only,501200..502399,TileSense Auto (goal),,,Goal: Points,1200,2.158333333333333,1.0813132081412125,0.03121482358993134,0.5009945365905232,1.1004766373791917,1200,0.0921148857629174,-0.31,4.986377727419725e-13,0.24683333333333335,301,274,284
Win Rate,Hong Kong 2-faan min,East only,501200..502399,TileSense Auto (goal),,,Goal: Placement,1200,0.3034674908424898,0.18950978100662672,0.005470676153912148,0.6244813257608173,0.19286834284688043,1200,0.15908972008783895,0.06153676184926189,1.1425766497170516e-18,0.024193072899322817,906,763,790
Deal-in Rate,Hong Kong 2-faan min,East only,501200..502399,TileSense Auto (goal),,,Goal: Placement,1200,0.1114101430976434,0.1413815153843405,0.00408133279827931,1.2690183447698224,0.1438871304505649,1200,0.08661827017386386,-0.011311022311022309,0.11205575604856731,0.024544233081733084,506,462,479
Ending Points (% vs start),Hong Kong 2-faan min,East only,501200..502399,TileSense Auto (goal),,,Goal: Placement,1200,1.1260000000000012,3.703271416282124,0.10690423745363653,3.288873371476128,3.7689021504677784,1200,0.08186520696754152,1.019000000000001,1.597463622380271e-13,0.6399463384509269,460,422,437
Ending Placement,Hong Kong 2-faan min,East only,501200..502399,TileSense Auto (goal),,,Goal: Placement,1200,2.158333333333333,1.0813132081412125,0.03121482358993134,0.5009945365905232,1.1004766373791917,1200,0.0921148857629174,-0.31,4.986377727419725e-13,0.24683333333333335,301,274,284
Win Rate,Hong Kong 2-faan min,Hanchan,501200..502399,Simple Bot (control),,,,1200,0.23790097416153713,0.12498262912776897,0.0036079377285472285,0.5253556845164683,0.12719761711758903,,,,,,,,
Deal-in Rate,Hong Kong 2-faan min,Hanchan,501200..502399,Simple Bot (control),,,,1200,0.12557706200355848,0.0987427003858439,0.0028504562324138767,0.7863115987141491,0.10049265473520756,,,,,,,,
Ending Points (% vs start),Hong Kong 2-faan min,Hanchan,501200..502399,Simple Bot (control),,,,1200,0.1959999999999999,4.711101718228931,0.13599779225995906,24.03623325627007,4.794593590639696,,,,,,,,
Ending Placement,Hong Kong 2-faan min,Hanchan,501200..502399,Simple Bot (control),,,,1200,2.4804166666666667,1.116555898265068,0.03223219242143007,0.4501485227341111,1.1363439113824076,,,,,,,,
Win Rate,Hong Kong 2-faan min,Hanchan,501200..502399,TileSense Guide,Balanced,Speed,Points,1200,0.30116571431259637,0.13418570443832678,0.003873607628943376,0.44555438438469824,0.1365637927039576,1200,0.17856514790484662,0.06326474015105978,2.205622757632341e-39,0.023790097416153767,467,384,397
Deal-in Rate,Hong Kong 2-faan min,Hanchan,501200..502399,TileSense Guide,Balanced,Speed,Points,1200,0.1113779666515992,0.09398463617690779,0.002713102749821337,0.8438350869782046,0.09565026636737724,1200,0.10481622794714167,-0.014199095351959113,0.00014124873002962352,0.02511541240071166,232,208,215
Ending Points (% vs start),Hong Kong 2-faan min,Hanchan,501200..502399,TileSense Guide,Balanced,Speed,Points,1200,2.3629999999999964,5.657947918241911,0.16333088768289247,2.3943918401362336,5.758220146257867,1200,0.0966691560567679,2.166999999999998,1.5304132146498104e-26,0.9422203436457863,480,434,450
Ending Placement,Hong Kong 2-faan min,Hanchan,501200..502399,TileSense Guide,Balanced,Speed,Points,1200,2.00125,1.0566711404607236,0.03050346836949538,0.5280055667511423,1.0753978539379803,1200,0.1352161744401321,-0.4791666666666667,7.367275654598109e-31,0.2480416666666667,302,261,271
Win Rate,Hong Kong 2-faan min,Hanchan,501200..502399,TileSense Guide,Balanced,Balanced,Points,1200,0.2997879453099072,0.1341571665384514,0.0038727838107346178,0.4475068749004093,0.13653474904495458,1200,0.17342719172435822,0.061886971148370634,7.843231052715201e-38,0.023790097416153767,467,386,400
Deal-in Rate,Hong Kong 2-faan min,Hanchan,501200..502399,TileSense Guide,Balanced,Balanced,Points,1200,0.11062441553830919,0.09532541096448968,0.0027518075840479907,0.8617031827976396,0.0970148028574635,1200,0.09825943115543645,-0.014952646465249101,0.00014124873002962352,0.02511541240071166,235,212,219
Ending Points (% vs start),Hong Kong 2-faan min,Hanchan,501200..502399,TileSense Guide,Balanced,Balanced,Points,1200,2.4303333333333295,5.965484254516246,0.17220869700957142,2.454595084837302,6.071206754270241,1200,0.10165225752536546,2.2343333333333337,1.5304132146498104e-26,0.9422203436457863,511,461,477
Ending Placement,Hong Kong 2-faan min,Hanchan,501200..502399,TileSense Guide,Balanced,Balanced,Points,1200,2.017916666666667,1.0590823256634332,0.0305730732907879,0.5248394758604665,1.077851771049136,1200,0.12407618003831167,-0.4625,9.748094003571136e-29,0.2480416666666667,303,265,275
Win Rate,Hong Kong 2-faan min,Hanchan,501200..502399,TileSense Auto (goal),,,Goal: Win Rate,1200,0.30116571431259637,0.13418570443832678,0.003873607628943376,0.44555438438469824,0.1365637927039576,1200,0.17856514790484662,0.06326474015105978,3.308434136448511e-39,0.023790097416153767,467,384,397
Deal-in Rate,Hong Kong 2-faan min,Hanchan,501200..502399,TileSense Auto (goal),,,Goal: Win Rate,1200,0.1113779666515992,0.09398463617690779,0.002713102749821337,0.8438350869782046,0.09565026636737724,1200,0.10481622794714167,-0.014199095351959113,0.00041133219325942825,0.02511541240071166,232,208,215
Ending Points (% vs start),Hong Kong 2-faan min,Hanchan,501200..502399,TileSense Auto (goal),,,Goal: Win Rate,1200,2.3629999999999964,5.657947918241911,0.16333088768289247,2.3943918401362336,5.758220146257867,1200,0.0966691560567679,2.166999999999998,2.5130161281447005e-26,0.9422203436457863,480,434,450
Ending Placement,Hong Kong 2-faan min,Hanchan,501200..502399,TileSense Auto (goal),,,Goal: Win Rate,1200,2.00125,1.0566711404607236,0.03050346836949538,0.5280055667511423,1.0753978539379803,1200,0.1352161744401321,-0.4791666666666667,1.1050913481897164e-30,0.2480416666666667,302,261,271
Win Rate,Hong Kong 2-faan min,Hanchan,501200..502399,TileSense Auto (goal),,,Goal: Points,1200,0.30116571431259637,0.13418570443832678,0.003873607628943376,0.44555438438469824,0.1365637927039576,1200,0.17856514790484662,0.06326474015105978,3.308434136448511e-39,0.023790097416153767,467,384,397
Deal-in Rate,Hong Kong 2-faan min,Hanchan,501200..502399,TileSense Auto (goal),,,Goal: Points,1200,0.1113779666515992,0.09398463617690779,0.002713102749821337,0.8438350869782046,0.09565026636737724,1200,0.10481622794714167,-0.014199095351959113,0.00041133219325942825,0.02511541240071166,232,208,215
Ending Points (% vs start),Hong Kong 2-faan min,Hanchan,501200..502399,TileSense Auto (goal),,,Goal: Points,1200,2.3629999999999964,5.657947918241911,0.16333088768289247,2.3943918401362336,5.758220146257867,1200,0.0966691560567679,2.166999999999998,2.5130161281447005e-26,0.9422203436457863,480,434,450
Ending Placement,Hong Kong 2-faan min,Hanchan,501200..502399,TileSense Auto (goal),,,Goal: Points,1200,2.00125,1.0566711404607236,0.03050346836949538,0.5280055667511423,1.0753978539379803,1200,0.1352161744401321,-0.4791666666666667,1.1050913481897164e-30,0.2480416666666667,302,261,271
Win Rate,Hong Kong 2-faan min,Hanchan,501200..502399,TileSense Auto (goal),,,Goal: Placement,1200,0.30116571431259637,0.13418570443832678,0.003873607628943376,0.44555438438469824,0.1365637927039576,1200,0.17856514790484662,0.06326474015105978,3.308434136448511e-39,0.023790097416153767,467,384,397
Deal-in Rate,Hong Kong 2-faan min,Hanchan,501200..502399,TileSense Auto (goal),,,Goal: Placement,1200,0.1113779666515992,0.09398463617690779,0.002713102749821337,0.8438350869782046,0.09565026636737724,1200,0.10481622794714167,-0.014199095351959113,0.00041133219325942825,0.02511541240071166,232,208,215
Ending Points (% vs start),Hong Kong 2-faan min,Hanchan,501200..502399,TileSense Auto (goal),,,Goal: Placement,1200,2.3629999999999964,5.657947918241911,0.16333088768289247,2.3943918401362336,5.758220146257867,1200,0.0966691560567679,2.166999999999998,2.5130161281447005e-26,0.9422203436457863,480,434,450
Ending Placement,Hong Kong 2-faan min,Hanchan,501200..502399,TileSense Auto (goal),,,Goal: Placement,1200,2.00125,1.0566711404607236,0.03050346836949538,0.5280055667511423,1.0753978539379803,1200,0.1352161744401321,-0.4791666666666667,1.1050913481897164e-30,0.2480416666666667,302,261,271
Win Rate,Hong Kong 3-faan min,East only,501200..502399,Simple Bot (control),,,,1200,0.16095121741487614,0.13525495017780068,0.0039044740947191316,0.8403474813685973,0.13765198800856412,,,,,,,,
Deal-in Rate,Hong Kong 3-faan min,East only,501200..502399,Simple Bot (control),,,,1200,0.05776732914178114,0.08473191368595888,0.0024459996587770246,1.4667791456654895,0.08623356373507894,,,,,,,,
Ending Points (% vs start),Hong Kong 3-faan min,East only,501200..502399,Simple Bot (control),,,,1200,0.21133333333333365,5.366476570451656,0.15491683462750416,25.39342225765764,5.461583236347198,,,,,,,,
Ending Placement,Hong Kong 3-faan min,East only,501200..502399,Simple Bot (control),,,,1200,2.44,1.101095064902039,0.03178587660622803,0.45126846922214714,1.1206090754603772,,,,,,,,
Win Rate,Hong Kong 3-faan min,East only,501200..502399,TileSense Guide,Balanced,Speed,Points,1200,0.23692975213998826,0.15408092498680453,0.004447933175905906,0.6503232438945317,0.1568116036474146,1200,0.1129693177259496,0.07597853472511212,2.920897022396908e-42,0.0160951217414876,1274,1131,1172
Deal-in Rate,Hong Kong 3-faan min,East only,501200..502399,TileSense Guide,Balanced,Speed,Points,1200,0.05027701939515038,0.08201089270469096,0.0023674505489767418,1.631180481486569,0.08346431982206748,1200,0.10423736645508987,-0.007490309746630698,0.03730669334849802,0.011553465828356231,818,733,759
Ending Points (% vs start),Hong Kong 3-faan min,East only,501200..502399,TileSense Guide,Balanced,Speed,Points,1200,3.207333333333337,10.878917160623656,0.31404728755888534,3.3918885348026326,11.071717320303405,1200,0.08464620216416673,2.9959999999999973,8.319881553006338e-19,1.0732953140903312,1003,936,969
Ending Placement,Hong Kong 3-faan min,East only,501200..502399,TileSense Guide,Balanced,Speed,Points,1200,2.0554166666666664,1.0615207715093684,0.03064346515906565,0.5164504057617038,1.080333431926634,1200,0.106312571782069,-0.38458333333333333,3.669011828660576e-20,0.244,309,276,286
Win Rate,Hong Kong 3-faan min,East only,501200..502399,TileSense Guide,Balanced,Balanced,Points,1200,0.23822742680937342,0.1550747302355915,0.0044766218623013675,0.6509524629994864,0.157823021477291,1200,0.13229500073106384,0.07727620939449727,5.793648188585378e-44,0.0160951217414876,1283,1115,1155
Deal-in Rate,Hong Kong 3-faan min,East only,501200..502399,TileSense Guide,Balanced,Balanced,Points,1200,0.050109966540597545,0.08327337169970901,0.002403895178357738,1.6618125584307366,0.0847491729328397,1200,0.0991214811994666,-0.0076573626011835465,0.03730669334849802,0.011553465828356231,830,748,775
Ending Points (% vs start),Hong Kong 3-faan min,East only,501200..502399,TileSense Guide,Balanced,Balanced,Points,1200,3.2553333333333354,10.983132334878793,0.31705572050437764,3.3738886959488386,11.177779434096806,1200,0.08548201194948712,3.0439999999999974,8.319881553006338e-19,1.0732953140903312,1019,950,984
Ending Placement,Hong Kong 3-faan min,East only,501200..502399,TileSense Guide,Balanced,Balanced,Points,1200,2.0520833333333335,1.0599206823781673,0.030597274564534333,0.5165095711081424,1.0787049854290294,1200,0.10076315255893882,-0.3879166666666667,3.669011828660576e-20,0.244,308,277,287
Win Rate,Hong Kong 3-faan min,East only,501200..502399,TileSense Auto (goal),,,Goal: Win Rate,1200,0.23692975213998826,0.15408092498680453,0.004447933175905906,0.6503232438945317,0.1568116036474146,1200,0.1129693177259496,0.07597853472511212,8.762691067190723e-42,0.0160951217414876,1274,1131,1172
Deal-in Rate,Hong Kong 3-faan min,East only,501200..502399,TileSense Auto (goal),,,Goal: Win Rate,1200,0.05027701939515038,0.08201089270469096,0.0023674505489767418,1.631180481486569,0.08346431982206748,1200,0.10423736645508987,-0.007490309746630698,0.06024371759763528,0.011553465828356231,818,733,759
Ending Points (% vs start),Hong Kong 3-faan min,East only,501200..502399,TileSense Auto (goal),,,Goal: Win Rate,1200,3.207333333333337,10.878917160623656,0.31404728755888534,3.3918885348026326,11.071717320303405,1200,0.08464620216416673,2.9959999999999973,2.437328838089568e-18,1.0732953140903312,1003,936,969
Ending Placement,Hong Kong 3-faan min,East only,501200..502399,TileSense Auto (goal),,,Goal: Win Rate,1200,2.0554166666666664,1.0615207715093684,0.03064346515906565,0.5164504057617038,1.080333431926634,1200,0.106312571782069,-0.38458333333333333,9.452535316800479e-20,0.244,309,276,286
Win Rate,Hong Kong 3-faan min,East only,501200..502399,TileSense Auto (goal),,,Goal: Points,1200,0.23692975213998826,0.15408092498680453,0.004447933175905906,0.6503232438945317,0.1568116036474146,1200,0.1129693177259496,0.07597853472511212,8.762691067190723e-42,0.0160951217414876,1274,1131,1172
Deal-in Rate,Hong Kong 3-faan min,East only,501200..502399,TileSense Auto (goal),,,Goal: Points,1200,0.05027701939515038,0.08201089270469096,0.0023674505489767418,1.631180481486569,0.08346431982206748,1200,0.10423736645508987,-0.007490309746630698,0.06024371759763528,0.011553465828356231,818,733,759
Ending Points (% vs start),Hong Kong 3-faan min,East only,501200..502399,TileSense Auto (goal),,,Goal: Points,1200,3.207333333333337,10.878917160623656,0.31404728755888534,3.3918885348026326,11.071717320303405,1200,0.08464620216416673,2.9959999999999973,2.437328838089568e-18,1.0732953140903312,1003,936,969
Ending Placement,Hong Kong 3-faan min,East only,501200..502399,TileSense Auto (goal),,,Goal: Points,1200,2.0554166666666664,1.0615207715093684,0.03064346515906565,0.5164504057617038,1.080333431926634,1200,0.106312571782069,-0.38458333333333333,9.452535316800479e-20,0.244,309,276,286
Win Rate,Hong Kong 3-faan min,East only,501200..502399,TileSense Auto (goal),,,Goal: Placement,1200,0.23692975213998826,0.15408092498680453,0.004447933175905906,0.6503232438945317,0.1568116036474146,1200,0.1129693177259496,0.07597853472511212,8.762691067190723e-42,0.0160951217414876,1274,1131,1172
Deal-in Rate,Hong Kong 3-faan min,East only,501200..502399,TileSense Auto (goal),,,Goal: Placement,1200,0.05027701939515038,0.08201089270469096,0.0023674505489767418,1.631180481486569,0.08346431982206748,1200,0.10423736645508987,-0.007490309746630698,0.06024371759763528,0.011553465828356231,818,733,759
Ending Points (% vs start),Hong Kong 3-faan min,East only,501200..502399,TileSense Auto (goal),,,Goal: Placement,1200,3.207333333333337,10.878917160623656,0.31404728755888534,3.3918885348026326,11.071717320303405,1200,0.08464620216416673,2.9959999999999973,2.437328838089568e-18,1.0732953140903312,1003,936,969
Ending Placement,Hong Kong 3-faan min,East only,501200..502399,TileSense Auto (goal),,,Goal: Placement,1200,2.0554166666666664,1.0615207715093684,0.03064346515906565,0.5164504057617038,1.080333431926634,1200,0.106312571782069,-0.38458333333333333,9.452535316800479e-20,0.244,309,276,286
Win Rate,Hong Kong 3-faan min,Hanchan,501200..502399,Simple Bot (control),,,,1200,0.15415942539352404,0.089968413355692,0.0025971643834736147,0.5836063096760311,0.09156286657240505,,,,,,,,
Deal-in Rate,Hong Kong 3-faan min,Hanchan,501200..502399,Simple Bot (control),,,,1200,0.05369839482176906,0.05602676443774998,0.001617353376497935,1.04336013438966,0.05701969130450063,,,,,,,,
Ending Points (% vs start),Hong Kong 3-faan min,Hanchan,501200..502399,Simple Bot (control),,,,1200,0.5026666666666672,7.9551784146279605,0.22964621995684764,15.825951753238632,8.096163003992482,,,,,,,,
Ending Placement,Hong Kong 3-faan min,Hanchan,501200..502399,Simple Bot (control),,,,1200,2.4458333333333333,1.123699940755062,0.03243842316416508,0.45943438804295555,1.143614563213432,,,,,,,,
Win Rate,Hong Kong 3-faan min,Hanchan,501200..502399,TileSense Guide,Balanced,Speed,Points,1200,0.23347239338175407,0.1055217290487367,0.003046149933582144,0.45196662235006346,0.10739182383022076,1200,0.06479199979516705,0.0793129679882301,3.305123191047648e-93,0.015415942539352405,636,595,616
Deal-in Rate,Hong Kong 3-faan min,Hanchan,501200..502399,TileSense Guide,Balanced,Speed,Points,1200,0.047733298892478244,0.05289669526985332,0.0015269960626645709,1.1081717898653076,0.05383414990288172,1200,0.07179524761160185,-0.005965095929290831,0.005379546869527379,0.01073967896435382,405,376,389
Ending Points (% vs start),Hong Kong 3-faan min,Hanchan,501200..502399,TileSense Guide,Balanced,Speed,Points,1200,7.029333333333327,14.583382166644478,0.4209859809803688,2.074646552538575,14.84183421374497,1200,0.028668181039418265,6.5266666666666655,3.501265796317852e-43,1.5910356829255932,856,836,865
Ending Placement,Hong Kong 3-faan min,Hanchan,501200..502399,TileSense Guide,Balanced,Speed,Points,1200,1.8508333333333333,1.0073951606645386,0.02908099335949988,0.5442927477701244,1.0252485871562609,1200,0.006302433999384263,-0.595,1.0072920911392151e-42,0.24458333333333335,299,297,308
Win Rate,Hong Kong 3-faan min,Hanchan,501200..502399,TileSense Guide,Balanced,Balanced,Points,1200,0.23316348022730685,0.105103832862438,0.0030340863097995004,0.4507731346262896,0.10696652153444827,1200,0.09903255638045973,0.07900405483378269,4.980637268994042e-96,0.015415942539352405,633,571,591
Deal-in Rate,Hong Kong 3-faan min,Hanchan,501200..502399,TileSense Guide,Balanced,Balanced,Points,1200,0.047143640083558334,0.05321325710581995,0.0015361344157250956,1.128747313773474,0.05415632196380196,1200,0.0706330791081479,-0.006554754738210747,0.0046067691443809474,0.01073967896435382,407,378,392
Ending Points (% vs start),Hong Kong 3-faan min,Hanchan,501200..502399,TileSense Guide,Balanced,Balanced,Points,1200,7.023333333333333,14.502360299876884,0.418647081150943,2.0648828144105673,14.759376447740374,1200,0.04754178589075388,6.520666666666664,7.421141539312235e-44,1.5910356829255932,849,815,844
Ending Placement,Hong Kong 3-faan min,Hanchan,501200..502399,TileSense Guide,Balanced,Balanced,Points,1200,1.8408333333333333,1.0056550554892476,0.029030760849931253,0.5463042401933441,1.0234776431988832,1200,0.020409952486340806,-0.605,1.75046458603128e-44,0.24458333333333335,299,293,303
Win Rate,Hong Kong 3-faan min,Hanchan,501200..502399,TileSense Auto (goal),,,Goal: Win Rate,1200,0.23347239338175407,0.1055217290487367,0.003046149933582144,0.45196662235006346,0.10739182383022076,1200,0.06479199979516705,0.0793129679882301,9.915369573142945e-93,0.015415942539352405,636,595,616
Deal-in Rate,Hong Kong 3-faan min,Hanchan,501200..502399,TileSense Auto (goal),,,Goal: Win Rate,1200,0.047733298892478244,0.05289669526985332,0.0015269960626645709,1.1081717898653076,0.05383414990288172,1200,0.07179524761160185,-0.005965095929290831,0.016138640608582135,0.01073967896435382,405,376,389
Ending Points (% vs start),Hong Kong 3-faan min,Hanchan,501200..502399,TileSense Auto (goal),,,Goal: Win Rate,1200,7.029333333333327,14.583382166644478,0.4209859809803688,2.074646552538575,14.84183421374497,1200,0.028668181039418265,6.5266666666666655,1.0503797388953556e-42,1.5910356829255932,856,836,865
Ending Placement,Hong Kong 3-faan min,Hanchan,501200..502399,TileSense Auto (goal),,,Goal: Win Rate,1200,1.8508333333333333,1.0073951606645386,0.02908099335949988,0.5442927477701244,1.0252485871562609,1200,0.006302433999384263,-0.595,3.021876273417645e-42,0.24458333333333335,299,297,308
Win Rate,Hong Kong 3-faan min,Hanchan,501200..502399,TileSense Auto (goal),,,Goal: Points,1200,0.23347239338175407,0.1055217290487367,0.003046149933582144,0.45196662235006346,0.10739182383022076,1200,0.06479199979516705,0.0793129679882301,9.915369573142945e-93,0.015415942539352405,636,595,616
Deal-in Rate,Hong Kong 3-faan min,Hanchan,501200..502399,TileSense Auto (goal),,,Goal: Points,1200,0.047733298892478244,0.05289669526985332,0.0015269960626645709,1.1081717898653076,0.05383414990288172,1200,0.07179524761160185,-0.005965095929290831,0.016138640608582135,0.01073967896435382,405,376,389
Ending Points (% vs start),Hong Kong 3-faan min,Hanchan,501200..502399,TileSense Auto (goal),,,Goal: Points,1200,7.029333333333327,14.583382166644478,0.4209859809803688,2.074646552538575,14.84183421374497,1200,0.028668181039418265,6.5266666666666655,1.0503797388953556e-42,1.5910356829255932,856,836,865
Ending Placement,Hong Kong 3-faan min,Hanchan,501200..502399,TileSense Auto (goal),,,Goal: Points,1200,1.8508333333333333,1.0073951606645386,0.02908099335949988,0.5442927477701244,1.0252485871562609,1200,0.006302433999384263,-0.595,3.021876273417645e-42,0.24458333333333335,299,297,308
Win Rate,Hong Kong 3-faan min,Hanchan,501200..502399,TileSense Auto (goal),,,Goal: Placement,1200,0.23347239338175407,0.1055217290487367,0.003046149933582144,0.45196662235006346,0.10739182383022076,1200,0.06479199979516705,0.0793129679882301,9.915369573142945e-93,0.015415942539352405,636,595,616
Deal-in Rate,Hong Kong 3-faan min,Hanchan,501200..502399,TileSense Auto (goal),,,Goal: Placement,1200,0.047733298892478244,0.05289669526985332,0.0015269960626645709,1.1081717898653076,0.05383414990288172,1200,0.07179524761160185,-0.005965095929290831,0.016138640608582135,0.01073967896435382,405,376,389
Ending Points (% vs start),Hong Kong 3-faan min,Hanchan,501200..502399,TileSense Auto (goal),,,Goal: Placement,1200,7.029333333333327,14.583382166644478,0.4209859809803688,2.074646552538575,14.84183421374497,1200,0.028668181039418265,6.5266666666666655,1.0503797388953556e-42,1.5910356829255932,856,836,865
Ending Placement,Hong Kong 3-faan min,Hanchan,501200..502399,TileSense Auto (goal),,,Goal: Placement,1200,1.8508333333333333,1.0073951606645386,0.02908099335949988,0.5442927477701244,1.0252485871562609,1200,0.006302433999384263,-0.595,3.021876273417645e-42,0.24458333333333335,299,297,308
Win Rate,Taiwanese 1-tai min,East only,501200..502399,Simple Bot (control),,,,1200,0.25018368205868124,0.18728015356614308,0.005406312353764357,0.748570618295625,0.19059920113119785,,,,,,,,
Deal-in Rate,Taiwanese 1-tai min,East only,501200..502399,Simple Bot (control),,,,1200,0.18580245911495866,0.17029098767516984,0.004915877378741327,0.9165163286122513,0.1733089470116589,,,,,,,,
Ending Points (% vs start),Taiwanese 1-tai min,East only,501200..502399,Simple Bot (control),,,,1200,-0.04300000000000014,1.5801102145869028,0.045613852887051276,36.74674917643948,1.6081135073030772,,,,,,,,
Ending Placement,Taiwanese 1-tai min,East only,501200..502399,Simple Bot (control),,,,1200,2.53625,1.1073238351523818,0.03196568571526582,0.4365988507254339,1.12694823426145,,,,,,,,
Win Rate,Taiwanese 1-tai min,East only,501200..502399,TileSense Guide,Balanced,Speed,Points,1200,0.3194101315351301,0.19836689430225543,0.00572635899118586,0.6210413343774545,0.20188242515261245,1200,0.1596434404708813,0.06922644947644936,1.8037516731039092e-21,0.02501836820586812,934,785,813
Deal-in Rate,Taiwanese 1-tai min,East only,501200..502399,TileSense Guide,Balanced,Speed,Points,1200,0.16040913715913666,0.16099324571428422,0.004647474687542678,1.0036413671034718,0.16384642705786712,1200,0.05932259218982574,-0.02539332195582195,0.00021766657876983968,0.037160491822991706,313,294,305
Ending Points (% vs start),Taiwanese 1-tai min,East only,501200..502399,TileSense Guide,Balanced,Speed,Points,1200,0.40558333333333346,1.8137075579165438,0.05235722733971876,4.471849331209887,1.8458507484212348,1200,0.17584381287096648,0.44858333333333406,2.3421347160997698e-12,0.3160220429173804,455,376,389
Ending Placement,Taiwanese 1-tai min,East only,501200..502399,TileSense Guide,Balanced,Speed,Points,1200,2.2491666666666665,1.084041170776663,0.031293573088027174,0.48197458500629703,1.1032529459689269,1200,0.13455601692504082,-0.28708333333333336,1.0519601114672672e-11,0.253625,294,254,263
Win Rate,Taiwanese 1-tai min,East only,501200..502399,TileSense Guide,Balanced,Balanced,Points,1200,0.25380595561845487,0.19157298138351128,0.00553023561856147,0.754800969570241,0.19496810801750702,1200,0.07827934071360368,0.0036222735597735596,0.6256581633762602,0.02501836820586812,901,830,860
Deal-in Rate,Taiwanese 1-tai min,East only,501200..502399,TileSense Guide,Balanced,Balanced,Points,1200,0.16095025576275535,0.158310216090706,0.004570022293771846,0.9835971700725917,0.16111584779931937,1200,0.03211511762312208,-0.02485220335220332,0.00021766657876983968,0.037160491822991706,308,298,309
Ending Points (% vs start),Taiwanese 1-tai min,East only,501200..502399,TileSense Guide,Balanced,Balanced,Points,1200,0.19275,1.817757585515666,0.05247414156594769,9.430648952091651,1.8499725520947852,1200,0.09332205421403464,0.2357500000000002,0.0003720462361069465,0.3160220429173804,456,414,429
Ending Placement,Taiwanese 1-tai min,East only,501200..502399,TileSense Guide,Balanced,Balanced,Points,1200,2.3754166666666667,1.1178007687065659,0.032268128735655315,0.47057039903451287,1.1376108438744164,1200,0.10977779419704596,-0.16083333333333333,0.0001747696007819864,0.253625,303,269,279
Win Rate,Taiwanese 1-tai min,East only,501200..502399,TileSense Auto (goal),,,Goal: Win Rate,1200,0.3194101315351301,0.19836689430225543,0.00572635899118586,0.6210413343774545,0.20188242515261245,1200,0.1596434404708813,0.06922644947644936,2.705627509655864e-21,0.02501836820586812,934,785,813
Deal-in Rate,Taiwanese 1-tai min,East only,501200..502399,TileSense Auto (goal),,,Goal: Win Rate,1200,0.16040913715913666,0.16099324571428422,0.004647474687542678,1.0036413671034718,0.16384642705786712,1200,0.05932259218982574,-0.02539332195582195,0.0003264998681547595,0.037160491822991706,313,294,305
Ending Points (% vs start),Taiwanese 1-tai min,East only,501200..502399,TileSense Auto (goal),,,Goal: Win Rate,1200,0.40558333333333346,1.8137075579165438,0.05235722733971876,4.471849331209887,1.8458507484212348,1200,0.17584381287096648,0.44858333333333406,3.5132020741496547e-12,0.3160220429173804,455,376,389
Ending Placement,Taiwanese 1-tai min,East only,501200..502399,TileSense Auto (goal),,,Goal: Win Rate,1200,2.2491666666666665,1.084041170776663,0.031293573088027174,0.48197458500629703,1.1032529459689269,1200,0.13455601692504082,-0.28708333333333336,1.577940167200901e-11,0.253625,294,254,263
Win Rate,Taiwanese 1-tai min,East only,501200..502399,TileSense Auto (goal),,,Goal: Points,1200,0.3194101315351301,0.19836689430225543,0.00572635899118586,0.6210413343774545,0.20188242515261245,1200,0.1596434404708813,0.06922644947644936,2.705627509655864e-21,0.02501836820586812,934,785,813
Deal-in Rate,Taiwanese 1-tai min,East only,501200..502399,TileSense Auto (goal),,,Goal: Points,1200,0.16040913715913666,0.16099324571428422,0.004647474687542678,1.0036413671034718,0.16384642705786712,1200,0.05932259218982574,-0.02539332195582195,0.0003264998681547595,0.037160491822991706,313,294,305
Ending Points (% vs start),Taiwanese 1-tai min,East only,501200..502399,TileSense Auto (goal),,,Goal: Points,1200,0.40558333333333346,1.8137075579165438,0.05235722733971876,4.471849331209887,1.8458507484212348,1200,0.17584381287096648,0.44858333333333406,3.5132020741496547e-12,0.3160220429173804,455,376,389
Ending Placement,Taiwanese 1-tai min,East only,501200..502399,TileSense Auto (goal),,,Goal: Points,1200,2.2491666666666665,1.084041170776663,0.031293573088027174,0.48197458500629703,1.1032529459689269,1200,0.13455601692504082,-0.28708333333333336,1.577940167200901e-11,0.253625,294,254,263
Win Rate,Taiwanese 1-tai min,East only,501200..502399,TileSense Auto (goal),,,Goal: Placement,1200,0.3194101315351301,0.19836689430225543,0.00572635899118586,0.6210413343774545,0.20188242515261245,1200,0.1596434404708813,0.06922644947644936,2.705627509655864e-21,0.02501836820586812,934,785,813
Deal-in Rate,Taiwanese 1-tai min,East only,501200..502399,TileSense Auto (goal),,,Goal: Placement,1200,0.16040913715913666,0.16099324571428422,0.004647474687542678,1.0036413671034718,0.16384642705786712,1200,0.05932259218982574,-0.02539332195582195,0.0003264998681547595,0.037160491822991706,313,294,305
Ending Points (% vs start),Taiwanese 1-tai min,East only,501200..502399,TileSense Auto (goal),,,Goal: Placement,1200,0.40558333333333346,1.8137075579165438,0.05235722733971876,4.471849331209887,1.8458507484212348,1200,0.17584381287096648,0.44858333333333406,3.5132020741496547e-12,0.3160220429173804,455,376,389
Ending Placement,Taiwanese 1-tai min,East only,501200..502399,TileSense Auto (goal),,,Goal: Placement,1200,2.2491666666666665,1.084041170776663,0.031293573088027174,0.48197458500629703,1.1032529459689269,1200,0.13455601692504082,-0.28708333333333336,1.577940167200901e-11,0.253625,294,254,263
Win Rate,Taiwanese 1-tai min,Hanchan,501200..502399,Simple Bot (control),,,,1200,0.24975761364896495,0.13202804467812507,0.003811321356774772,0.5286247043651324,0.1343678941061805,,,,,,,,
Deal-in Rate,Taiwanese 1-tai min,Hanchan,501200..502399,Simple Bot (control),,,,1200,0.182179167971835,0.11757210283150729,0.0033940142609480543,0.645365242032964,0.11965575875655149,,,,,,,,
Ending Points (% vs start),Taiwanese 1-tai min,Hanchan,501200..502399,Simple Bot (control),,,,1200,-0.07691666666666647,2.1577895030188503,0.0622900175211241,28.05360133935674,2.1960306399440506,,,,,,,,
Ending Placement,Taiwanese 1-tai min,Hanchan,501200..502399,Simple Bot (control),,,,1200,2.5229166666666667,1.109373133957873,0.03202484387611583,0.43971850066042856,1.129033851491937,,,,,,,,
Win Rate,Taiwanese 1-tai min,Hanchan,501200..502399,TileSense Guide,Balanced,Speed,Points,1200,0.3179685751125377,0.1410914381345985,0.004072958989368093,0.4437276170598382,0.14359191234541938,1200,0.15898920731547617,0.06821096146357371,3.0387602326859982e-40,0.02497576136489652,470,396,410
Deal-in Rate,Taiwanese 1-tai min,Hanchan,501200..502399,TileSense Guide,Balanced,Speed,Points,1200,0.15928430150430975,0.10953569066791174,0.003162023024649521,0.6876741124733378,0.11147692234930037,1200,0.08500714097839521,-0.022894866467525136,4.96068195611912e-07,0.036435833594367056,153,140,145
Ending Points (% vs start),Taiwanese 1-tai min,Hanchan,501200..502399,TileSense Guide,Balanced,Speed,Points,1200,0.7539999999999998,2.5915112596399608,0.07481048616805387,3.437017585729392,2.637438972600118,1200,0.10322624403089795,0.8309166666666673,4.3200949502450855e-19,0.43155790060377,480,431,446
Ending Placement,Taiwanese 1-tai min,Hanchan,501200..502399,TileSense Guide,Balanced,Speed,Points,1200,2.171666666666667,1.084094063648502,0.03129509997371689,0.49919910835694636,1.1033067762276385,1200,0.10369602751900123,-0.35125,2.3489185105190206e-16,0.2522916666666667,297,266,276
Win Rate,Taiwanese 1-tai min,Hanchan,501200..502399,TileSense Guide,Balanced,Balanced,Points,1200,0.24908145096719048,0.13384689104952757,0.0038638269288819626,0.5373619373493941,0.1362189747400249,1200,0.041585955777391985,-0.0006761626817741425,0.8987346475641838,0.02497576136489652,445,427,442
Deal-in Rate,Taiwanese 1-tai min,Hanchan,501200..502399,TileSense Guide,Balanced,Balanced,Points,1200,0.15970168322103365,0.1094635625239049,0.003159940864481596,0.6854252273121184,0.111403515923873,1200,0.01605463081412752,-0.022477484750801344,1.0270287361247285e-06,0.036435833594367056,153,151,156
Ending Points (% vs start),Taiwanese 1-tai min,Hanchan,501200..502399,TileSense Guide,Balanced,Balanced,Points,1200,0.4000833333333332,2.5403220313721615,0.07333278043205271,6.349482269624234,2.5853425500557012,1200,0.019364270167819927,0.4769999999999998,5.569046526540729e-07,0.43155790060377,469,460,476
Ending Placement,Taiwanese 1-tai min,Hanchan,501200..502399,TileSense Guide,Balanced,Balanced,Points,1200,2.3229166666666665,1.0896509880624052,0.031455514564028564,0.4690874208699144,1.1089621824939644,1200,0.05372603225350658,-0.2,4.646888080198113e-06,0.2522916666666667,299,283,293
Win Rate,Taiwanese 1-tai min,Hanchan,501200..502399,TileSense Auto (goal),,,Goal: Win Rate,1200,0.3179685751125377,0.1410914381345985,0.004072958989368093,0.4437276170598382,0.14359191234541938,1200,0.15898920731547617,0.06821096146357371,4.5581403490289975e-40,0.02497576136489652,470,396,410
Deal-in Rate,Taiwanese 1-tai min,Hanchan,501200..502399,TileSense Auto (goal),,,Goal: Win Rate,1200,0.15928430150430975,0.10953569066791174,0.003162023024649521,0.6876741124733378,0.11147692234930037,1200,0.08500714097839521,-0.022894866467525136,7.44102293417868e-07,0.036435833594367056,153,140,145
Ending Points (% vs start),Taiwanese 1-tai min,Hanchan,501200..502399,TileSense Auto (goal),,,Goal: Win Rate,1200,0.7539999999999998,2.5915112596399608,0.07481048616805387,3.437017585729392,2.637438972600118,1200,0.10322624403089795,0.8309166666666673,6.480142425367628e-19,0.43155790060377,480,431,446
Ending Placement,Taiwanese 1-tai min,Hanchan,501200..502399,TileSense Auto (goal),,,Goal: Win Rate,1200,2.171666666666667,1.084094063648502,0.03129509997371689,0.49919910835694636,1.1033067762276385,1200,0.10369602751900123,-0.35125,3.523377765778531e-16,0.2522916666666667,297,266,276
Win Rate,Taiwanese 1-tai min,Hanchan,501200..502399,TileSense Auto (goal),,,Goal: Points,1200,0.3179685751125377,0.1410914381345985,0.004072958989368093,0.4437276170598382,0.14359191234541938,1200,0.15898920731547617,0.06821096146357371,4.5581403490289975e-40,0.02497576136489652,470,396,410
Deal-in Rate,Taiwanese 1-tai min,Hanchan,501200..502399,TileSense Auto (goal),,,Goal: Points,1200,0.15928430150430975,0.10953569066791174,0.003162023024649521,0.6876741124733378,0.11147692234930037,1200,0.08500714097839521,-0.022894866467525136,7.44102293417868e-07,0.036435833594367056,153,140,145
Ending Points (% vs start),Taiwanese 1-tai min,Hanchan,501200..502399,TileSense Auto (goal),,,Goal: Points,1200,0.7539999999999998,2.5915112596399608,0.07481048616805387,3.437017585729392,2.637438972600118,1200,0.10322624403089795,0.8309166666666673,6.480142425367628e-19,0.43155790060377,480,431,446
Ending Placement,Taiwanese 1-tai min,Hanchan,501200..502399,TileSense Auto (goal),,,Goal: Points,1200,2.171666666666667,1.084094063648502,0.03129509997371689,0.49919910835694636,1.1033067762276385,1200,0.10369602751900123,-0.35125,3.523377765778531e-16,0.2522916666666667,297,266,276
Win Rate,Taiwanese 1-tai min,Hanchan,501200..502399,TileSense Auto (goal),,,Goal: Placement,1200,0.3179685751125377,0.1410914381345985,0.004072958989368093,0.4437276170598382,0.14359191234541938,1200,0.15898920731547617,0.06821096146357371,4.5581403490289975e-40,0.02497576136489652,470,396,410
Deal-in Rate,Taiwanese 1-tai min,Hanchan,501200..502399,TileSense Auto (goal),,,Goal: Placement,1200,0.15928430150430975,0.10953569066791174,0.003162023024649521,0.6876741124733378,0.11147692234930037,1200,0.08500714097839521,-0.022894866467525136,7.44102293417868e-07,0.036435833594367056,153,140,145
Ending Points (% vs start),Taiwanese 1-tai min,Hanchan,501200..502399,TileSense Auto (goal),,,Goal: Placement,1200,0.7539999999999998,2.5915112596399608,0.07481048616805387,3.437017585729392,2.637438972600118,1200,0.10322624403089795,0.8309166666666673,6.480142425367628e-19,0.43155790060377,480,431,446
Ending Placement,Taiwanese 1-tai min,Hanchan,501200..502399,TileSense Auto (goal),,,Goal: Placement,1200,2.171666666666667,1.084094063648502,0.03129509997371689,0.49919910835694636,1.1033067762276385,1200,0.10369602751900123,-0.35125,3.523377765778531e-16,0.2522916666666667,297,266,276
Win Rate,Taiwanese 3-tai min,East only,501200..502399,Simple Bot (control),,,,1200,0.24316944629444534,0.18209573122139425,0.0052566509719476845,0.7488429734749691,0.18532289855230835,,,,,,,,
Deal-in Rate,Taiwanese 3-tai min,East only,501200..502399,Simple Bot (control),,,,1200,0.17486777343027302,0.16532327854857337,0.004772471968666515,0.9454187887540901,0.16825319832205177,,,,,,,,
Ending Points (% vs start),Taiwanese 3-tai min,East only,501200..502399,Simple Bot (control),,,,1200,-0.05116666666666664,1.7322333847680516,0.05000527054975455,33.85472413227464,1.7629326600961788,,,,,,,,
Ending Placement,Taiwanese 3-tai min,East only,501200..502399,Simple Bot (control),,,,1200,2.53125,1.1048373902445563,0.031893908233422905,0.4364789689855037,1.1244177236650836,,,,,,,,
Win Rate,Taiwanese 3-tai min,East only,501200..502399,TileSense Guide,Balanced,Speed,Points,1200,0.31130650830650736,0.19811472016438356,0.005719079350866711,0.636397617390392,0.20162578189218627,1200,0.134656161217063,0.06813706201206202,8.453198237004318e-21,0.024316944629444535,962,833,862
Deal-in Rate,Taiwanese 3-tai min,East only,501200..502399,TileSense Guide,Balanced,Speed,Points,1200,0.1486829397454395,0.16129349671998158,0.004656142187490869,1.0848150903939124,0.1641519992220022,1200,0.03509911671279849,-0.026184833684833653,0.0001277730420417634,0.03497355468605461,343,331,343
Ending Points (% vs start),Taiwanese 3-tai min,East only,501200..502399,TileSense Guide,Balanced,Speed,Points,1200,0.44475000000000053,2.001693804233034,0.057783922835457406,4.50071681671283,2.0371685559374555,1200,0.10308997161870417,0.4959166666666665,1.4938530290670075e-11,0.34644667695361003,459,412,427
Ending Placement,Taiwanese 3-tai min,East only,501200..502399,TileSense Guide,Balanced,Speed,Points,1200,2.2554166666666666,1.0755314808785734,0.031047919500358057,0.4768659808070527,1.0945924442256,1200,0.09592647357946806,-0.2758333333333333,1.4309306647471298e-10,0.253125,292,264,273
Win Rate,Taiwanese 3-tai min,East only,501200..502399,TileSense Guide,Balanced,Balanced,Points,1200,0.2866579184704177,0.19344963798568118,0.0055844100282834335,0.6748449127723805,0.19687802341622995,1200,0.09647467003695552,0.04348847217597213,2.447161225107842e-09,0.024316944629444535,937,847,877
Deal-in Rate,Taiwanese 3-tai min,East only,501200..502399,TileSense Guide,Balanced,Balanced,Points,1200,0.1534528110778107,0.16236277480730021,0.004687009587068468,1.0580632160916985,0.16524022744773378,1200,0.07437169559542867,-0.02141496235246235,0.0008760964222489499,0.03497355468605461,345,319,331
Ending Points (% vs start),Taiwanese 3-tai min,East only,501200..502399,TileSense Guide,Balanced,Balanced,Points,1200,0.30108333333333337,1.8729826159422596,0.05406835087508764,6.2208113455043215,1.9061763007639538,1200,0.11819439919529375,0.35224999999999995,3.5362237063274296e-07,0.34644667695361003,426,376,389
Ending Placement,Taiwanese 3-tai min,East only,501200..502399,TileSense Guide,Balanced,Balanced,Points,1200,2.308333333333333,1.0998584588088596,0.031750178863189094,0.47647297854535436,1.1193505537804986,1200,0.08798149392720148,-0.22291666666666668,2.1398177420123657e-07,0.253125,298,272,282
Win Rate,Taiwanese 3-tai min,East only,501200..502399,TileSense Auto (goal),,,Goal: Win Rate,1200,0.31130650830650736,0.19811472016438356,0.005719079350866711,0.636397617390392,0.20162578189218627,1200,0.134656161217063,0.06813706201206202,1.2679797355506478e-20,0.024316944629444535,962,833,862
Deal-in Rate,Taiwanese 3-tai min,East only,501200..502399,TileSense Auto (goal),,,Goal: Win Rate,1200,0.1486829397454395,0.16129349671998158,0.004656142187490869,1.0848150903939124,0.1641519992220022,1200,0.03509911671279849,-0.026184833684833653,0.00019165956306264512,0.03497355468605461,343,331,343
Ending Points (% vs start),Taiwanese 3-tai min,East only,501200..502399,TileSense Auto (goal),,,Goal: Win Rate,1200,0.44475000000000053,2.001693804233034,0.057783922835457406,4.50071681671283,2.0371685559374555,1200,0.10308997161870417,0.4959166666666665,2.2407795436005114e-11,0.34644667695361003,459,412,427
Ending Placement,Taiwanese 3-tai min,East only,501200..502399,TileSense Auto (goal),,,Goal: Win Rate,1200,2.2554166666666666,1.0755314808785734,0.031047919500358057,0.4768659808070527,1.0945924442256,1200,0.09592647357946806,-0.2758333333333333,2.1463959971206946e-10,0.253125,292,264,273
Win Rate,Taiwanese 3-tai min,East only,501200..502399,TileSense Auto (goal),,,Goal: Points,1200,0.31130650830650736,0.19811472016438356,0.005719079350866711,0.636397617390392,0.20162578189218627,1200,0.134656161217063,0.06813706201206202,1.2679797355506478e-20,0.024316944629444535,962,833,862
Deal-in Rate,Taiwanese 3-tai min,East only,501200..502399,TileSense Auto (goal),,,Goal: Points,1200,0.1486829397454395,0.16129349671998158,0.004656142187490869,1.0848150903939124,0.1641519992220022,1200,0.03509911671279849,-0.026184833684833653,0.00019165956306264512,0.03497355468605461,343,331,343
Ending Points (% vs start),Taiwanese 3-tai min,East only,501200..502399,TileSense Auto (goal),,,Goal: Points,1200,0.44475000000000053,2.001693804233034,0.057783922835457406,4.50071681671283,2.0371685559374555,1200,0.10308997161870417,0.4959166666666665,2.2407795436005114e-11,0.34644667695361003,459,412,427
Ending Placement,Taiwanese 3-tai min,East only,501200..502399,TileSense Auto (goal),,,Goal: Points,1200,2.2554166666666666,1.0755314808785734,0.031047919500358057,0.4768659808070527,1.0945924442256,1200,0.09592647357946806,-0.2758333333333333,2.1463959971206946e-10,0.253125,292,264,273
Win Rate,Taiwanese 3-tai min,East only,501200..502399,TileSense Auto (goal),,,Goal: Placement,1200,0.31130650830650736,0.19811472016438356,0.005719079350866711,0.636397617390392,0.20162578189218627,1200,0.134656161217063,0.06813706201206202,1.2679797355506478e-20,0.024316944629444535,962,833,862
Deal-in Rate,Taiwanese 3-tai min,East only,501200..502399,TileSense Auto (goal),,,Goal: Placement,1200,0.1486829397454395,0.16129349671998158,0.004656142187490869,1.0848150903939124,0.1641519992220022,1200,0.03509911671279849,-0.026184833684833653,0.00019165956306264512,0.03497355468605461,343,331,343
Ending Points (% vs start),Taiwanese 3-tai min,East only,501200..502399,TileSense Auto (goal),,,Goal: Placement,1200,0.44475000000000053,2.001693804233034,0.057783922835457406,4.50071681671283,2.0371685559374555,1200,0.10308997161870417,0.4959166666666665,2.2407795436005114e-11,0.34644667695361003,459,412,427
Ending Placement,Taiwanese 3-tai min,East only,501200..502399,TileSense Auto (goal),,,Goal: Placement,1200,2.2554166666666666,1.0755314808785734,0.031047919500358057,0.4768659808070527,1.0945924442256,1200,0.09592647357946806,-0.2758333333333333,2.1463959971206946e-10,0.253125,292,264,273
Win Rate,Taiwanese 3-tai min,Hanchan,501200..502399,Simple Bot (control),,,,1200,0.24470705110543164,0.12713164175937508,0.0036699743796147133,0.5195258623937266,0.1293847153391863,,,,,,,,
Deal-in Rate,Taiwanese 3-tai min,Hanchan,501200..502399,Simple Bot (control),,,,1200,0.17033723373346019,0.11332400138008468,0.00327138213512187,0.66529201453049,0.11533237089324824,,,,,,,,
Ending Points (% vs start),Taiwanese 3-tai min,Hanchan,501200..502399,Simple Bot (control),,,,1200,-0.06866666666666649,2.369623208588471,0.06840512986782692,34.50907585323025,2.4116185401321584,,,,,,,,
Ending Placement,Taiwanese 3-tai min,Hanchan,501200..502399,Simple Bot (control),,,,1200,2.52875,1.1060370107087512,0.03192853829331932,0.4373848781843801,1.1256386042430966,,,,,,,,
Win Rate,Taiwanese 3-tai min,Hanchan,501200..502399,TileSense Guide,Balanced,Speed,Points,1200,0.3122589648769985,0.14534272322300096,0.004195683018877644,0.4654557260838058,0.1479185402672846,1200,0.08189746462371879,0.06755191377156815,2.4624500078576356e-36,0.02447070511054314,489,450,466
Deal-in Rate,Taiwanese 3-tai min,Hanchan,501200..502399,TileSense Guide,Balanced,Speed,Points,1200,0.14602810877704492,0.10811281799461728,0.003120948228602065,0.7403562156631328,0.11002883300466217,1200,0.06824756521689798,-0.024309124956415136,5.101611596136115e-08,0.03406744674669209,166,155,161
Ending Points (% vs start),Taiwanese 3-tai min,Hanchan,501200..502399,TileSense Guide,Balanced,Speed,Points,1200,0.8400833333333334,2.837453837502124,0.08191023684474939,3.377586157129797,2.8877402350247032,1200,0.10062910462147069,0.9087499999999988,5.864352178614256e-19,0.47392464171769444,478,431,446
Ending Placement,Taiwanese 3-tai min,Hanchan,501200..502399,TileSense Guide,Balanced,Speed,Points,1200,2.20125,1.0883215551202912,0.031417137140678605,0.4944107007928637,1.1076091888536908,1200,0.037627792381454646,-0.3275,1.8268655227718347e-13,0.252875,296,285,295
Win Rate,Taiwanese 3-tai min,Hanchan,501200..502399,TileSense Guide,Balanced,Balanced,Points,1200,0.2869756221697982,0.13858471084075447,0.0040005960054738015,0.4829145757849649,0.1410407599111509,1200,0.01916346449394651,0.0422685710643671,3.8052802531282265e-15,0.02447070511054314,464,455,471
Deal-in Rate,Taiwanese 3-tai min,Hanchan,501200..502399,TileSense Guide,Balanced,Balanced,Points,1200,0.1495417939008308,0.10908082782038406,0.0031488922652762974,0.729433725348523,0.11101399825557134,1200,0.049848936527038465,-0.020795439832629405,2.622646688430973e-06,0.03406744674669209,168,159,165
Ending Points (% vs start),Taiwanese 3-tai min,Hanchan,501200..502399,TileSense Guide,Balanced,Balanced,Points,1200,0.6614999999999991,2.773279102581878,0.08005767182068055,4.192409830055755,2.82242817191661,1200,0.0605247605341753,0.7301666666666653,8.609568997962106e-13,0.47392464171769444,465,438,453
Ending Placement,Taiwanese 3-tai min,Hanchan,501200..502399,TileSense Guide,Balanced,Balanced,Points,1200,2.2775,1.0982177160259081,0.0317028146988187,0.4822031683977643,1.117680733152218,1200,0.06741074880247325,-0.25125,7.368054856551898e-09,0.252875,299,279,289
Win Rate,Taiwanese 3-tai min,Hanchan,501200..502399,TileSense Auto (goal),,,Goal: Win Rate,1200,0.3122589648769985,0.14534272322300096,0.004195683018877644,0.4654557260838058,0.1479185402672846,1200,0.08189746462371879,0.06755191377156815,3.693675011786453e-36,0.02447070511054314,489,450,466
Deal-in Rate,Taiwanese 3-tai min,Hanchan,501200..502399,TileSense Auto (goal),,,Goal: Win Rate,1200,0.14602810877704492,0.10811281799461728,0.003120948228602065,0.7403562156631328,0.11002883300466217,1200,0.06824756521689798,-0.024309124956415136,7.652417394204173e-08,0.03406744674669209,166,155,161
Ending Points (% vs start),Taiwanese 3-tai min,Hanchan,501200..502399,TileSense Auto (goal),,,Goal: Win Rate,1200,0.8400833333333334,2.837453837502124,0.08191023684474939,3.377586157129797,2.8877402350247032,1200,0.10062910462147069,0.9087499999999988,8.796528267921384e-19,0.47392464171769444,478,431,446
Ending Placement,Taiwanese 3-tai min,Hanchan,501200..502399,TileSense Auto (goal),,,Goal: Win Rate,1200,2.20125,1.0883215551202912,0.031417137140678605,0.4944107007928637,1.1076091888536908,1200,0.037627792381454646,-0.3275,2.740298284157752e-13,0.252875,296,285,295
Win Rate,Taiwanese 3-tai min,Hanchan,501200..502399,TileSense Auto (goal),,,Goal: Points,1200,0.3122589648769985,0.14534272322300096,0.004195683018877644,0.4654557260838058,0.1479185402672846,1200,0.08189746462371879,0.06755191377156815,3.693675011786453e-36,0.02447070511054314,489,450,466
Deal-in Rate,Taiwanese 3-tai min,Hanchan,501200..502399,TileSense Auto (goal),,,Goal: Points,1200,0.14602810877704492,0.10811281799461728,0.003120948228602065,0.7403562156631328,0.11002883300466217,1200,0.06824756521689798,-0.024309124956415136,7.652417394204173e-08,0.03406744674669209,166,155,161
Ending Points (% vs start),Taiwanese 3-tai min,Hanchan,501200..502399,TileSense Auto (goal),,,Goal: Points,1200,0.8400833333333334,2.837453837502124,0.08191023684474939,3.377586157129797,2.8877402350247032,1200,0.10062910462147069,0.9087499999999988,8.796528267921384e-19,0.47392464171769444,478,431,446
Ending Placement,Taiwanese 3-tai min,Hanchan,501200..502399,TileSense Auto (goal),,,Goal: Points,1200,2.20125,1.0883215551202912,0.031417137140678605,0.4944107007928637,1.1076091888536908,1200,0.037627792381454646,-0.3275,2.740298284157752e-13,0.252875,296,285,295
Win Rate,Taiwanese 3-tai min,Hanchan,501200..502399,TileSense Auto (goal),,,Goal: Placement,1200,0.3122589648769985,0.14534272322300096,0.004195683018877644,0.4654557260838058,0.1479185402672846,1200,0.08189746462371879,0.06755191377156815,3.693675011786453e-36,0.02447070511054314,489,450,466
Deal-in Rate,Taiwanese 3-tai min,Hanchan,501200..502399,TileSense Auto (goal),,,Goal: Placement,1200,0.14602810877704492,0.10811281799461728,0.003120948228602065,0.7403562156631328,0.11002883300466217,1200,0.06824756521689798,-0.024309124956415136,7.652417394204173e-08,0.03406744674669209,166,155,161
Ending Points (% vs start),Taiwanese 3-tai min,Hanchan,501200..502399,TileSense Auto (goal),,,Goal: Placement,1200,0.8400833333333334,2.837453837502124,0.08191023684474939,3.377586157129797,2.8877402350247032,1200,0.10062910462147069,0.9087499999999988,8.796528267921384e-19,0.47392464171769444,478,431,446
Ending Placement,Taiwanese 3-tai min,Hanchan,501200..502399,TileSense Auto (goal),,,Goal: Placement,1200,2.20125,1.0883215551202912,0.031417137140678605,0.4944107007928637,1.1076091888536908,1200,0.037627792381454646,-0.3275,2.740298284157752e-13,0.252875,296,285,295
Win Rate,Taiwanese 5-tai min,East only,501200..502399,Simple Bot (control),,,,1200,0.22314365611240575,0.16936731576737987,0.004889213267511056,0.7590057397018863,0.1723689054515695,,,,,,,,
Deal-in Rate,Taiwanese 5-tai min,East only,501200..502399,Simple Bot (control),,,,1200,0.14852838365338356,0.1475031923289237,0.004258050389871661,0.9930976739984438,0.15011729799903792,,,,,,,,
Ending Points (% vs start),Taiwanese 5-tai min,East only,501200..502399,Simple Bot (control),,,,1200,-0.05566666666666666,2.130790490009711,0.06151062314969006,38.27767347322835,2.168553140524683,,,,,,,,
Ending Placement,Taiwanese 5-tai min,East only,501200..502399,Simple Bot (control),,,,1200,2.5075,1.115114336433459,0.03219057811585342,0.44471159977406144,1.134876801663337,,,,,,,,
Win Rate,Taiwanese 5-tai min,East only,501200..502399,TileSense Guide,Balanced,Speed,Points,1200,0.28650232868982795,0.19170751034774466,0.005534119135247167,0.669130723036078,0.19510502115338202,1200,0.1703785709700241,0.0633586725774226,4.844757032108195e-21,0.022314365611240547,1032,858,888
Deal-in Rate,Taiwanese 5-tai min,East only,501200..502399,TileSense Guide,Balanced,Speed,Points,1200,0.13088828763828764,0.139692945829657,0.004032587993932213,1.067268495525751,0.1421686354469634,1200,0.05311069890027823,-0.017640096015096023,0.0019947968851842073,0.029705676730676697,368,348,361
Ending Points (% vs start),Taiwanese 5-tai min,East only,501200..502399,TileSense Guide,Balanced,Speed,Points,1200,0.4342499999999995,2.2515497998603182,0.06499664415216012,5.184916061854509,2.2914525911520105,1200,0.108530145192401,0.48991666666666606,6.71892307345094e-09,0.4261580980019421,416,371,384
Ending Placement,Taiwanese 5-tai min,East only,501200..502399,TileSense Guide,Balanced,Speed,Points,1200,2.283333333333333,1.0925353923520469,0.03153878014368238,0.4784826535848381,1.11189770525426,1200,0.093924742743214,-0.22416666666666665,2.4632463518443627e-07,0.25075,305,276,286
Win Rate,Taiwanese 5-tai min,East only,501200..502399,TileSense Guide,Balanced,Balanced,Points,1200,0.2919987628112621,0.1921529924140903,0.005546979094793358,0.6580609813689223,0.19555839821628454,1200,0.11747508763536108,0.06885510669885675,7.737897943522236e-23,0.022314365611240547,1035,914,947
Deal-in Rate,Taiwanese 5-tai min,East only,501200..502399,TileSense Guide,Balanced,Balanced,Points,1200,0.12813955720205739,0.14309710499568112,0.004130857604475632,1.1167285740658357,0.145633124370177,1200,0.03854291795044363,-0.020388826451326447,0.0009133555624012534,0.029705676730676697,376,362,375
Ending Points (% vs start),Taiwanese 5-tai min,East only,501200..502399,TileSense Guide,Balanced,Balanced,Points,1200,0.4922500000000004,2.3213369945001596,0.0670112269327252,4.715768399187725,2.3624765800491763,1200,0.12930786032012534,0.5479166666666665,2.183857637987443e-10,0.4261580980019421,430,374,388
Ending Placement,Taiwanese 5-tai min,East only,501200..502399,TileSense Guide,Balanced,Balanced,Points,1200,2.2820833333333335,1.0893237266947646,0.03144606734209343,0.47733740077915554,1.1086291212803459,1200,0.10296354961207034,-0.22541666666666665,2.4632463518443627e-07,0.25075,304,273,282
Win Rate,Taiwanese 5-tai min,East only,501200..502399,TileSense Auto (goal),,,Goal: Win Rate,1200,0.2919987628112621,0.1921529924140903,0.005546979094793358,0.6580609813689223,0.19555839821628454,1200,0.11747508763536108,0.06885510669885675,1.1606846915283353e-22,0.022314365611240547,1035,914,947
Deal-in Rate,Taiwanese 5-tai min,East only,501200..502399,TileSense Auto (goal),,,Goal: Win Rate,1200,0.12813955720205739,0.14309710499568112,0.004130857604475632,1.1167285740658357,0.145633124370177,1200,0.03854291795044363,-0.020388826451326447,0.0013700333436018801,0.029705676730676697,376,362,375
Ending Points (% vs start),Taiwanese 5-tai min,East only,501200..502399,TileSense Auto (goal),,,Goal: Win Rate,1200,0.4922500000000004,2.3213369945001596,0.0670112269327252,4.715768399187725,2.3624765800491763,1200,0.12930786032012534,0.5479166666666665,3.275786456981165e-10,0.4261580980019421,430,374,388
Ending Placement,Taiwanese 5-tai min,East only,501200..502399,TileSense Auto (goal),,,Goal: Win Rate,1200,2.2820833333333335,1.0893237266947646,0.03144606734209343,0.47733740077915554,1.1086291212803459,1200,0.10296354961207034,-0.22541666666666665,3.6948695277665437e-07,0.25075,304,273,282
Win Rate,Taiwanese 5-tai min,East only,501200..502399,TileSense Auto (goal),,,Goal: Points,1200,0.2919987628112621,0.1921529924140903,0.005546979094793358,0.6580609813689223,0.19555839821628454,1200,0.11747508763536108,0.06885510669885675,1.1606846915283353e-22,0.022314365611240547,1035,914,947
Deal-in Rate,Taiwanese 5-tai min,East only,501200..502399,TileSense Auto (goal),,,Goal: Points,1200,0.12813955720205739,0.14309710499568112,0.004130857604475632,1.1167285740658357,0.145633124370177,1200,0.03854291795044363,-0.020388826451326447,0.0013700333436018801,0.029705676730676697,376,362,375
Ending Points (% vs start),Taiwanese 5-tai min,East only,501200..502399,TileSense Auto (goal),,,Goal: Points,1200,0.4922500000000004,2.3213369945001596,0.0670112269327252,4.715768399187725,2.3624765800491763,1200,0.12930786032012534,0.5479166666666665,3.275786456981165e-10,0.4261580980019421,430,374,388
Ending Placement,Taiwanese 5-tai min,East only,501200..502399,TileSense Auto (goal),,,Goal: Points,1200,2.2820833333333335,1.0893237266947646,0.03144606734209343,0.47733740077915554,1.1086291212803459,1200,0.10296354961207034,-0.22541666666666665,3.6948695277665437e-07,0.25075,304,273,282
Win Rate,Taiwanese 5-tai min,East only,501200..502399,TileSense Auto (goal),,,Goal: Placement,1200,0.2919987628112621,0.1921529924140903,0.005546979094793358,0.6580609813689223,0.19555839821628454,1200,0.11747508763536108,0.06885510669885675,1.1606846915283353e-22,0.022314365611240547,1035,914,947
Deal-in Rate,Taiwanese 5-tai min,East only,501200..502399,TileSense Auto (goal),,,Goal: Placement,1200,0.12813955720205739,0.14309710499568112,0.004130857604475632,1.1167285740658357,0.145633124370177,1200,0.03854291795044363,-0.020388826451326447,0.0013700333436018801,0.029705676730676697,376,362,375
Ending Points (% vs start),Taiwanese 5-tai min,East only,501200..502399,TileSense Auto (goal),,,Goal: Placement,1200,0.4922500000000004,2.3213369945001596,0.0670112269327252,4.715768399187725,2.3624765800491763,1200,0.12930786032012534,0.5479166666666665,3.275786456981165e-10,0.4261580980019421,430,374,388
Ending Placement,Taiwanese 5-tai min,East only,501200..502399,TileSense Auto (goal),,,Goal: Placement,1200,2.2820833333333335,1.0893237266947646,0.03144606734209343,0.47733740077915554,1.1086291212803459,1200,0.10296354961207034,-0.22541666666666665,3.6948695277665437e-07,0.25075,304,273,282
Win Rate,Taiwanese 5-tai min,Hanchan,501200..502399,Simple Bot (control),,,,1200,0.2226666494623533,0.11447255007151139,0.0033045378799305,0.5140983184860178,0.11650127458580581,,,,,,,,
Deal-in Rate,Taiwanese 5-tai min,Hanchan,501200..502399,Simple Bot (control),,,,1200,0.14146709360757387,0.10018247479083621,0.002892018939428609,0.7081680427304166,0.10195794535023134,,,,,,,,
Ending Points (% vs start),Taiwanese 5-tai min,Hanchan,501200..502399,Simple Bot (control),,,,1200,-0.1028333333333331,2.9490545503895307,0.08513187192611431,28.67800211075725,3.0013187766746032,,,,,,,,
Ending Placement,Taiwanese 5-tai min,Hanchan,501200..502399,Simple Bot (control),,,,1200,2.51625,1.0874724982861745,0.03139262698109188,0.4321798304167609,1.106745084722975,,,,,,,,
Win Rate,Taiwanese 5-tai min,Hanchan,501200..502399,TileSense Guide,Balanced,Speed,Points,1200,0.2891236130964267,0.13376882060755596,0.0038615732293475593,0.46266999493722505,0.13613952070504895,1200,0.13755845553563764,0.06645696363407362,6.10899183410475e-45,0.022266664946235398,491,425,440
Deal-in Rate,Taiwanese 5-tai min,Hanchan,501200..502399,TileSense Guide,Balanced,Speed,Points,1200,0.1243266121992909,0.09600273491475096,0.0027713602422985875,0.772181701218257,0.09770413059117465,1200,0.057503521994854374,-0.017140481408283236,1.316018136166573e-05,0.02829341872151477,189,178,185
Ending Points (% vs start),Taiwanese 5-tai min,Hanchan,501200..502399,TileSense Guide,Balanced,Speed,Points,1200,0.9781666666666664,3.1877250976682654,0.09202169716206494,3.2588772509813593,3.2442191309227986,1200,0.09097485566263527,1.0809999999999997,1.5253243606591656e-19,0.5898109100779066,426,387,401
Ending Placement,Taiwanese 5-tai min,Hanchan,501200..502399,TileSense Guide,Balanced,Speed,Points,1200,2.1533333333333333,1.067093152159194,0.030804325932475844,0.49555409542996626,1.0860045683499635,1200,0.06163749405951066,-0.36291666666666667,3.242323603040863e-17,0.251625,288,271,280
Win Rate,Taiwanese 5-tai min,Hanchan,501200..502399,TileSense Guide,Balanced,Balanced,Points,1200,0.29366989301190144,0.13074939111328346,0.003774409807781693,0.4452257252941643,0.1330665797739264,1200,0.1047358609119664,0.0710032435495485,3.0664971050987394e-50,0.022266664946235398,479,429,444
Deal-in Rate,Taiwanese 5-tai min,Hanchan,501200..502399,TileSense Guide,Balanced,Balanced,Points,1200,0.12355619455435676,0.09705046613409765,0.0028016056373749965,0.7854763290836195,0.09877043008743798,1200,0.025845245664117496,-0.017910899053217147,1.316018136166573e-05,0.02829341872151477,191,186,193
Ending Points (% vs start),Taiwanese 5-tai min,Hanchan,501200..502399,TileSense Guide,Balanced,Balanced,Points,1200,1.0289999999999988,3.2113709044432928,0.09270429280740335,3.1208657963491704,3.2682839973574107,1200,0.10086786196907961,1.1318333333333341,5.005667128094295e-21,0.5898109100779066,429,386,400
Ending Placement,Taiwanese 5-tai min,Hanchan,501200..502399,TileSense Guide,Balanced,Balanced,Points,1200,2.151666666666667,1.0708421022239778,0.030912548798929913,0.4976802953790756,1.0898199586826942,1200,0.04926950383745092,-0.3645833333333333,3.242323603040863e-17,0.251625,289,275,285
Win Rate,Taiwanese 5-tai min,Hanchan,501200..502399,TileSense Auto (goal),,,Goal: Win Rate,1200,0.29366989301190144,0.13074939111328346,0.003774409807781693,0.4452257252941643,0.1330665797739264,1200,0.1047358609119664,0.0710032435495485,4.599745657648109e-50,0.022266664946235398,479,429,444
Deal-in Rate,Taiwanese 5-tai min,Hanchan,501200..502399,TileSense Auto (goal),,,Goal: Win Rate,1200,0.12355619455435676,0.09705046613409765,0.0028016056373749965,0.7854763290836195,0.09877043008743798,1200,0.025845245664117496,-0.017910899053217147,1.9740272042498592e-05,0.02829341872151477,191,186,193
Ending Points (% vs start),Taiwanese 5-tai min,Hanchan,501200..502399,TileSense Auto (goal),,,Goal: Win Rate,1200,1.0289999999999988,3.2113709044432928,0.09270429280740335,3.1208657963491704,3.2682839973574107,1200,0.10086786196907961,1.1318333333333341,7.508500692141442e-21,0.5898109100779066,429,386,400
Ending Placement,Taiwanese 5-tai min,Hanchan,501200..502399,TileSense Auto (goal),,,Goal: Win Rate,1200,2.151666666666667,1.0708421022239778,0.030912548798929913,0.4976802953790756,1.0898199586826942,1200,0.04926950383745092,-0.3645833333333333,6.37131540499597e-17,0.251625,289,275,285
Win Rate,Taiwanese 5-tai min,Hanchan,501200..502399,TileSense Auto (goal),,,Goal: Points,1200,0.29366989301190144,0.13074939111328346,0.003774409807781693,0.4452257252941643,0.1330665797739264,1200,0.1047358609119664,0.0710032435495485,4.599745657648109e-50,0.022266664946235398,479,429,444
Deal-in Rate,Taiwanese 5-tai min,Hanchan,501200..502399,TileSense Auto (goal),,,Goal: Points,1200,0.12355619455435676,0.09705046613409765,0.0028016056373749965,0.7854763290836195,0.09877043008743798,1200,0.025845245664117496,-0.017910899053217147,1.9740272042498592e-05,0.02829341872151477,191,186,193
Ending Points (% vs start),Taiwanese 5-tai min,Hanchan,501200..502399,TileSense Auto (goal),,,Goal: Points,1200,1.0289999999999988,3.2113709044432928,0.09270429280740335,3.1208657963491704,3.2682839973574107,1200,0.10086786196907961,1.1318333333333341,7.508500692141442e-21,0.5898109100779066,429,386,400
Ending Placement,Taiwanese 5-tai min,Hanchan,501200..502399,TileSense Auto (goal),,,Goal: Points,1200,2.151666666666667,1.0708421022239778,0.030912548798929913,0.4976802953790756,1.0898199586826942,1200,0.04926950383745092,-0.3645833333333333,6.37131540499597e-17,0.251625,289,275,285
Win Rate,Taiwanese 5-tai min,Hanchan,501200..502399,TileSense Auto (goal),,,Goal: Placement,1200,0.29366989301190144,0.13074939111328346,0.003774409807781693,0.4452257252941643,0.1330665797739264,1200,0.1047358609119664,0.0710032435495485,4.599745657648109e-50,0.022266664946235398,479,429,444
Deal-in Rate,Taiwanese 5-tai min,Hanchan,501200..502399,TileSense Auto (goal),,,Goal: Placement,1200,0.12355619455435676,0.09705046613409765,0.0028016056373749965,0.7854763290836195,0.09877043008743798,1200,0.025845245664117496,-0.017910899053217147,1.9740272042498592e-05,0.02829341872151477,191,186,193
Ending Points (% vs start),Taiwanese 5-tai min,Hanchan,501200..502399,TileSense Auto (goal),,,Goal: Placement,1200,1.0289999999999988,3.2113709044432928,0.09270429280740335,3.1208657963491704,3.2682839973574107,1200,0.10086786196907961,1.1318333333333341,7.508500692141442e-21,0.5898109100779066,429,386,400
Ending Placement,Taiwanese 5-tai min,Hanchan,501200..502399,TileSense Auto (goal),,,Goal: Placement,1200,2.151666666666667,1.0708421022239778,0.030912548798929913,0.4976802953790756,1.0898199586826942,1200,0.04926950383745092,-0.3645833333333333,6.37131540499597e-17,0.251625,289,275,285
